Player,POS,AGE,eFG,TRB,PTS,AST,STL,BLK,WS,BPM,VORP,FA_Year,POS_SF,POS_PF,EXPECTED_CONT,UPPER_LIMIT
LeBron James,PF,39,0.599,7.3,25.7,8.3,1.3,0.5,8.5,6.5,5.4,2023,0,1,34504026.23205069,42000000.0
Joel Embiid,C,29,0.561,11.0,34.7,5.6,1.2,1.7,7.5,11.6,4.5,2023,0,0,34500636.66637866,42000000.0
Shai Gilgeous-Alexander,PG,25,0.567,5.5,30.1,6.2,2.0,0.9,14.6,9.0,7.1,2023,0,0,34377116.029161096,42000000.0
Giannis Antetokounmpo,PF,29,0.624,11.5,30.4,6.5,1.2,1.1,13.2,9.0,7.2,2023,0,1,34288974.79274846,42000000.0
Luka Dončić,PG,24,0.573,9.2,33.9,9.8,1.4,0.5,12.0,9.9,8.0,2023,0,0,34162755.74310478,42000000.0
Nikola Jokić,C,28,0.612,12.4,26.4,9.0,1.4,0.9,17.0,13.2,10.6,2023,0,0,34105934.86561212,42000000.0
Kyrie Irving,SG,31,0.573,5.0,25.6,5.2,1.3,0.5,6.9,4.9,3.6,2023,0,0,34079428.97124416,42000000.0
Devin Booker,PG,27,0.55,4.5,27.1,6.9,0.9,0.4,9.2,3.0,3.1,2023,0,0,33729896.10228791,42000000.0
Stephen Curry,PG,35,0.573,4.5,26.4,5.1,0.7,0.4,7.2,5.2,4.4,2023,0,0,33692255.882771246,42000000.0
De'Aaron Fox,PG,26,0.534,4.6,26.6,5.6,2.0,0.4,6.5,2.7,3.2,2023,0,0,33663302.78458557,42000000.0
Kevin Durant,PF,35,0.581,6.6,27.1,5.0,0.9,1.2,8.3,4.0,4.3,2023,0,1,33633677.6015311,42000000.0
Donovan Mitchell,SG,27,0.545,5.1,26.6,6.1,1.8,0.5,6.4,5.8,3.9,2023,0,0,33509906.898572765,42000000.0
Anthony Edwards,SG,22,0.522,5.4,25.9,5.1,1.3,0.5,7.5,3.3,3.7,2023,0,0,33242096.54466237,42000000.0
Jayson Tatum,PF,25,0.552,8.1,26.9,4.9,1.0,0.6,10.4,5.1,4.7,2023,0,1,33137411.101238362,38000000.0
Damian Lillard,PG,33,0.51,4.4,24.3,7.0,1.0,0.2,7.7,2.1,2.7,2023,0,0,33135851.81447117,42000000.0
Jalen Brunson,PG,27,0.543,3.6,28.7,6.7,0.9,0.2,11.2,5.8,5.4,2023,0,0,32812637.88677862,42000000.0
Anthony Davis,C,30,0.567,12.6,24.7,3.5,1.2,2.3,11.8,5.1,4.9,2023,0,0,32594728.744853884,38000000.0
Tyrese Maxey,PG,23,0.524,3.7,25.9,6.2,1.0,0.5,8.1,3.1,3.4,2023,0,0,32570071.218979415,42000000.0
Kawhi Leonard,SF,32,0.585,6.1,23.7,3.6,1.6,0.9,8.9,5.5,4.4,2023,1,0,32434768.542442683,38000000.0
DeMar DeRozan,SF,34,0.507,4.3,24.0,5.3,1.1,0.6,9.2,1.8,2.8,2023,1,0,32356577.12757735,38000000.0
Zion Williamson,PF,23,0.573,5.8,22.9,5.0,1.1,0.7,7.5,3.8,3.3,2023,0,1,31848593.37218583,38000000.0
Paul George,PF,33,0.569,5.2,22.6,3.5,1.5,0.5,7.3,3.2,3.3,2023,0,1,31393055.476391982,34300000.0
Domantas Sabonis,C,27,0.609,13.7,19.4,8.2,0.9,0.6,12.6,6.5,6.2,2023,0,0,30226435.086023495,34300000.0
Trae Young,PG,25,0.516,2.8,25.7,10.8,1.3,0.2,4.6,2.6,2.2,2023,0,0,29805529.064305242,38000000.0
Ja Morant,PG,24,0.512,5.6,25.1,8.1,0.8,0.6,0.8,3.1,0.4,2023,0,0,29699880.88882573,34300000.0
LaMelo Ball,PG,22,0.515,5.1,23.9,8.0,1.8,0.2,1.1,3.3,1.0,2023,0,0,29675526.813972577,34300000.0
James Harden,PG,34,0.541,5.1,16.6,8.5,1.1,0.8,8.4,4.1,3.8,2023,0,0,29473394.292729136,34000000.0
Desmond Bane,SG,25,0.552,4.4,23.7,5.5,1.0,0.5,3.1,2.8,1.7,2023,0,0,29365094.32599924,34300000.0
Tyrese Haliburton,PG,23,0.57,3.9,20.1,10.9,1.2,0.7,9.0,6.9,5.0,2023,0,0,29269695.875555273,34000000.0
Jimmy Butler,PF,34,0.537,5.3,20.8,5.0,1.3,0.3,9.1,4.6,3.4,2023,0,1,28868659.358453333,33250000.0
Dejounte Murray,SG,27,0.528,5.3,22.5,6.4,1.4,0.3,4.9,1.7,2.6,2023,0,0,28740714.23257005,34000000.0
Paolo Banchero,PF,21,0.497,6.9,22.6,5.4,0.9,0.6,5.3,1.3,2.3,2023,0,1,28642490.075515434,34000000.0
Alperen Sengun,C,21,0.553,9.3,21.1,5.0,1.2,0.7,6.9,4.9,3.5,2023,0,0,28411613.951310966,33250000.0
Lauri Markkanen,PF,26,0.578,8.2,23.2,2.0,0.9,0.5,6.2,3.6,2.6,2023,0,1,28159680.843673877,33599500.0
Fred VanVleet,PG,29,0.527,3.8,17.4,8.1,1.4,0.8,8.4,3.4,3.6,2023,0,0,28136240.894419916,33599500.0
Pascal Siakam,PF,29,0.569,7.1,21.7,4.3,0.8,0.3,6.9,1.9,2.7,2023,0,1,27860384.08147092,32124579.5
Julius Randle,PF,29,0.518,9.2,24.0,5.0,0.5,0.3,3.8,1.9,1.6,2023,0,1,27755781.526007198,33599500.0
Cade Cunningham,PG,22,0.5,4.3,22.7,7.5,0.9,0.4,1.8,0.3,1.2,2023,0,0,27680160.97713519,34000000.0
Bam Adebayo,C,26,0.529,10.4,19.3,3.9,1.1,0.9,7.2,2.4,2.7,2023,0,0,27425703.702880047,32031144.875
Karl-Anthony Towns,PF,28,0.575,8.3,21.8,3.0,0.7,0.7,6.3,2.5,2.3,2023,0,1,27318684.46855306,32405934.625
Kyle Kuzma,PF,28,0.521,6.6,22.2,4.2,0.5,0.7,0.2,-1.1,0.5,2023,0,1,26804061.8992572,32124579.5
Jaylen Brown,SF,27,0.557,5.5,23.0,3.6,1.2,0.5,5.9,0.7,1.6,2023,1,0,26693292.28984023,33250000.0
Jamal Murray,PG,26,0.554,4.1,21.2,6.5,1.0,0.7,5.9,4.1,2.9,2023,0,0,26600768.21385485,32000000.0
Scottie Barnes,SG,22,0.528,8.2,19.9,6.1,1.3,1.5,4.3,3.7,3.0,2023,0,0,26504289.332916405,32000000.0
Anfernee Simons,SG,24,0.523,3.6,22.6,5.5,0.5,0.1,2.2,0.2,0.8,2023,0,0,26429553.215763625,33599500.0
Victor Wembanyama,C,20,0.519,10.6,21.4,3.9,1.2,3.6,3.7,5.2,3.8,2023,0,0,26364520.483894218,32000000.0
Jalen Williams,PF,22,0.592,4.0,19.1,4.5,1.1,0.6,7.3,2.3,2.4,2023,0,1,26279971.953883898,31633333.33333333
CJ McCollum,PG,32,0.572,4.3,20.0,4.6,0.9,0.6,5.9,3.1,2.8,2023,0,0,26193340.39052883,31600000.0
Kristaps Porziņģis,C,28,0.589,7.2,20.1,2.0,0.7,1.9,7.9,5.1,3.0,2023,0,0,26066402.635696024,31600000.0
Derrick White,SG,29,0.578,4.2,15.2,5.2,1.0,1.2,8.5,3.8,3.5,2023,0,0,25682923.476622373,32124579.5
Jarrett Allen,C,25,0.634,10.5,16.5,2.7,0.7,1.1,10.7,3.0,3.1,2023,0,0,25294374.70349309,30116666.666666668
Chet Holmgren,C,21,0.598,7.9,16.5,2.4,0.6,2.3,8.9,3.4,3.3,2023,0,0,25114873.118128903,30116666.666666668
Jaren Jackson Jr.,C,24,0.494,5.5,22.5,2.3,1.2,1.6,3.0,0.4,1.3,2023,0,0,25051549.84557283,32000000.0
Franz Wagner,SF,22,0.525,5.3,19.7,3.7,1.1,0.4,6.4,1.2,1.9,2023,1,0,24816828.1907119,30902124.75
Brandon Ingram,SF,26,0.534,5.1,20.8,5.7,0.8,0.6,5.1,1.2,1.7,2023,1,0,24670315.279056996,31600000.0
Cam Thomas,SG,22,0.503,3.2,22.5,2.9,0.7,0.2,2.5,-1.2,0.4,2023,0,0,24383816.096050296,32000000.0
Terry Rozier,PG-SG,29,0.518,4.0,19.8,5.6,1.0,0.3,3.9,1.5,1.8,2023,0,0,23544410.562593676,30000000.0
Tyler Herro,SG,24,0.531,5.3,20.8,4.5,0.7,0.1,2.0,0.8,1.0,2023,0,0,23365746.231481142,30000000.0
Coby White,PG,23,0.534,4.5,19.1,5.1,0.7,0.2,4.7,-0.7,0.9,2023,0,0,23341083.481089044,30000000.0
Zach LaVine,SG,28,0.531,5.2,19.5,3.9,0.8,0.3,1.5,0.1,0.5,2023,0,0,22804973.778450258,27800803.75
Evan Mobley,PF,22,0.6,9.4,15.7,3.2,0.9,1.4,5.5,2.9,1.9,2023,0,1,22627046.791216966,27800803.75
Miles Bridges,SF,25,0.527,7.3,21.0,3.3,0.9,0.5,2.2,-1.1,0.6,2023,1,0,22425727.851297576,27500000.0
Bradley Beal,SG,30,0.582,4.4,18.2,5.0,1.0,0.5,3.9,0.4,1.1,2023,0,0,22347279.426065505,27500000.0
Nikola Vučević,C,33,0.522,10.5,18.0,3.3,0.7,0.8,5.4,0.1,1.4,2023,0,0,22331028.34792268,25500000.0
Mikal Bridges,SF,27,0.521,4.5,19.6,3.6,1.0,0.4,4.2,-0.4,1.2,2023,1,0,22236289.05491242,27500000.0
Collin Sexton,SG,25,0.549,2.6,18.7,4.9,0.8,0.2,5.5,1.9,2.0,2023,0,0,22228597.058048733,25000000.0
Tobias Harris,PF,31,0.535,6.5,17.2,3.1,1.0,0.7,5.9,0.9,1.7,2023,0,1,22079773.191184334,25500000.0
RJ Barrett,SG,23,0.547,5.4,20.2,3.3,0.5,0.4,2.9,-0.8,0.6,2023,0,0,22073029.64479063,25500000.0
D'Angelo Russell,PG,27,0.56,3.1,18.0,6.3,0.9,0.5,5.1,0.9,1.8,2023,0,0,22071924.56325604,25500000.0
Jalen Green,SG,21,0.498,5.2,19.6,3.5,0.8,0.3,3.1,-0.5,1.0,2023,0,0,21901851.589456134,27100231.25
Donte DiVincenzo,SG,27,0.584,3.7,15.5,2.7,1.3,0.4,6.6,3.4,3.2,2023,0,0,21789516.82918446,27100231.25
Jerami Grant,PF,29,0.516,3.5,21.0,2.8,0.8,0.6,2.7,-0.1,0.9,2023,0,1,21731876.892152775,25500000.0
Devin Vassell,SG,23,0.55,3.8,19.5,4.1,1.1,0.3,3.6,0.0,1.1,2023,0,0,21576741.798818145,25125000.0
Austin Reaves,SG,25,0.568,4.3,15.9,5.5,0.8,0.3,5.9,0.4,1.6,2023,0,0,21532991.677843187,25500000.0
Myles Turner,C,27,0.587,6.9,17.1,1.3,0.5,1.9,5.8,0.9,1.5,2023,0,0,21481352.04491153,25000000.0
Malcolm Brogdon,PG,31,0.522,3.8,15.7,5.5,0.7,0.2,2.6,2.0,1.1,2023,0,0,21441379.060394537,25500000.0
Darius Garland,PG,24,0.524,2.7,18.0,6.5,1.3,0.1,2.7,-1.0,0.5,2023,0,0,21194439.444342114,25000000.0
Immanuel Quickley,PG-SG,24,0.53,3.8,17.0,4.9,0.7,0.1,4.7,1.3,1.7,2023,0,0,21172395.671279598,25000000.0
Michael Porter Jr.,SF,25,0.586,7.0,16.7,1.5,0.5,0.7,6.2,0.1,1.3,2023,1,0,20970910.131868273,25000000.0
Jordan Clarkson,SG,31,0.469,3.4,17.1,5.0,0.6,0.1,0.2,-4.5,-1.1,2023,0,0,20934431.46520104,25000000.0
Khris Middleton,SF,32,0.566,4.7,15.1,5.3,0.9,0.3,3.4,1.1,1.2,2023,1,0,20675547.523883086,25000000.0
Klay Thompson,SF,33,0.551,3.3,17.9,2.3,0.6,0.5,3.6,-0.4,0.9,2023,1,0,20477747.90541348,24666666.666666668
Jalen Johnson,SF,22,0.562,8.7,16.0,3.6,1.2,0.8,3.8,1.2,1.5,2023,1,0,20323499.9014187,24666666.666666668
Deandre Ayton,C,25,0.571,11.1,16.7,1.6,1.0,0.8,3.9,0.3,1.0,2023,0,0,20098845.583659664,24000000.0
Bogdan Bogdanović,SG,31,0.537,3.4,16.9,3.1,1.2,0.3,3.9,0.2,1.4,2023,0,0,20060891.32570452,23483832.0
Brandon Miller,SF,21,0.524,4.3,17.3,2.4,0.9,0.6,0.8,-2.6,-0.3,2023,1,0,19940768.297955584,24000000.0
Jordan Poole,SG,24,0.491,2.7,17.4,4.4,1.1,0.3,-0.6,-3.9,-1.2,2023,0,0,19820756.299192704,24666666.666666668
Jonathan Kuminga,PF,21,0.56,4.8,16.1,2.2,0.7,0.5,4.6,-0.4,0.8,2023,0,1,19579938.23241094,23311776.0
Trey Murphy III,SF,23,0.579,4.9,14.8,2.2,0.9,0.5,5.4,2.5,1.9,2023,1,0,19031863.138224397,23217391.5
Keldon Johnson,SF,24,0.527,5.5,15.7,2.8,0.7,0.3,3.0,-1.7,0.2,2023,1,0,18994427.655871432,23182578.624999996
John Collins,PF,26,0.59,8.5,15.1,1.1,0.6,0.9,4.4,-0.9,0.5,2023,0,1,18804408.08555442,23217391.5
Malik Monk,SG,25,0.526,2.9,15.4,5.1,0.6,0.5,3.5,0.6,1.2,2023,0,0,18748466.014883406,23217391.5
Rudy Gobert,C,31,0.661,12.9,14.0,1.3,0.7,2.1,11.6,1.8,2.5,2023,0,0,18661049.420785405,23752241.666666668
Keegan Murray,SF,23,0.548,5.5,15.2,1.7,1.0,0.8,5.2,-0.9,0.8,2023,1,0,18576260.72042636,21754050.8
Shaedon Sharpe,SG,20,0.475,5.0,15.9,2.9,0.9,0.4,0.5,-2.8,-0.2,2023,0,0,18312660.322847486,21666666.666666668
Bojan Bogdanović,SF-PF,34,0.551,2.7,15.2,1.7,0.5,0.1,1.1,-3.2,-0.4,2023,0,0,18148068.44231962,21587579.0
De'Andre Hunter,SF,26,0.547,3.9,15.6,1.5,0.7,0.3,2.2,-2.4,-0.2,2023,1,0,17982459.685889676,21250000.0
Jaden Ivey,SG,21,0.492,3.4,15.4,3.8,0.7,0.5,0.5,-3.1,-0.6,2023,0,0,17886563.756298035,21666666.666666668
Kelly Oubre Jr.,SF,28,0.498,5.0,15.4,1.5,1.1,0.7,3.0,-2.3,-0.1,2023,1,0,17696460.437727634,21250000.0
Aaron Gordon,PF,28,0.584,6.5,13.9,3.5,0.8,0.6,7.1,1.3,1.9,2023,0,1,17175365.192075815,21587579.0
Jrue Holiday,PG,33,0.581,5.4,12.5,4.8,0.9,0.8,6.3,2.1,2.4,2023,0,0,16959399.119773924,22500000.0
Grayson Allen,SG,28,0.649,3.9,13.5,3.0,0.9,0.6,6.9,1.3,2.0,2023,0,0,16603247.60243145,21250000.0
Deni Avdija,SF,23,0.56,7.2,14.7,3.8,0.8,0.5,3.2,-0.9,0.6,2023,1,0,16475355.592330173,20000000.0
OG Anunoby,SF,26,0.577,4.2,14.7,2.1,1.4,0.7,2.6,-0.6,0.6,2023,1,0,16135968.839167694,20000000.0
Jalen Duren,C,20,0.619,11.6,13.8,2.4,0.5,0.8,4.8,-0.1,0.9,2023,0,0,16002406.973217774,20000000.0
Brook Lopez,C,35,0.583,5.2,12.5,1.6,0.5,2.4,5.9,1.0,1.8,2023,0,0,15977687.892323073,20000000.0
Naz Reid,C,24,0.576,5.2,13.5,1.3,0.8,0.9,4.9,1.5,1.7,2023,0,0,15783559.294634428,20000000.0
Jabari Smith Jr.,PF,20,0.537,8.1,13.7,1.6,0.7,0.8,5.6,-0.4,1.0,2023,0,1,15752378.61906718,20000000.0
GG Jackson II,PF,19,0.519,4.1,14.6,1.2,0.6,0.5,1.2,-2.0,0.0,2023,0,1,15653674.36693583,20000000.0
Tim Hardaway Jr.,SF,31,0.51,3.2,14.4,1.8,0.5,0.1,2.2,-2.9,-0.5,2023,1,0,15341466.757130608,18374999.999999996
Bobby Portis,PF,28,0.562,7.4,13.8,1.3,0.8,0.4,4.7,-0.8,0.6,2023,0,1,15285049.455720432,18500000.0
Bennedict Mathurin,SF,21,0.507,4.0,14.5,2.0,0.6,0.2,1.4,-3.4,-0.6,2023,1,0,15178445.485963808,18500000.0
Rui Hachimura,PF,25,0.609,4.3,13.6,1.2,0.6,0.4,4.1,-0.9,0.5,2023,0,1,15147977.657522047,20000000.0
Norman Powell,SG,30,0.594,2.6,13.9,1.1,0.6,0.3,4.1,-0.8,0.6,2023,0,0,15038459.429504132,18500000.0
Josh Giddey,SG,21,0.523,6.4,12.3,4.8,0.6,0.6,4.3,1.5,1.8,2023,0,0,14855771.916002419,18500000.0
Saddiq Bey,SF,24,0.497,6.5,13.7,1.5,0.8,0.2,3.5,-1.8,0.1,2023,1,0,14850927.701226078,18333333.33333333
Aaron Nesmith,SF,24,0.606,3.8,12.2,1.5,0.9,0.7,4.1,-0.5,0.8,2023,1,0,14837680.049461,20000000.0
Jalen Suggs,SG,22,0.578,3.1,12.6,2.7,1.4,0.6,4.7,1.0,1.5,2023,0,0,14775581.162354466,18500000.0
Nic Claxton,C,24,0.63,9.9,11.8,2.1,0.6,2.1,6.7,1.2,1.7,2023,0,0,14748558.865001572,20000000.0
Corey Kispert,SF,24,0.602,2.8,13.4,2.0,0.5,0.2,2.1,-2.1,-0.1,2023,1,0,14701757.413919916,18333333.33333333
Andrew Wiggins,SF,28,0.511,4.5,13.2,1.7,0.6,0.6,2.8,-2.5,-0.3,2023,1,0,14603144.198836964,18333333.33333333
Marcus Smart,PG,29,0.519,2.7,14.5,4.3,2.1,0.3,0.2,-2.4,0.0,2023,0,0,14541216.830708388,18333333.33333333
Duncan Robinson,SF,29,0.589,2.5,12.9,2.8,0.7,0.2,3.6,-0.9,0.6,2023,1,0,14505727.944493096,18000000.0
Mark Williams,C,22,0.649,9.7,12.7,1.2,0.8,1.1,2.1,0.8,0.3,2023,0,0,14471082.349286683,20000000.0
Ivica Zubac,C,26,0.649,9.2,11.7,1.4,0.3,1.2,6.8,0.8,1.3,2023,0,0,14408823.18453436,20000000.0
Jonas Valančiūnas,C,31,0.585,8.8,12.2,2.1,0.4,0.8,7.1,1.2,1.6,2023,0,0,14400302.867865307,20000000.0
Dillon Brooks,SF,28,0.515,3.4,12.7,1.7,0.9,0.1,2.7,-3.6,-0.9,2023,1,0,14338353.38252385,18000000.0
Max Strus,SF,27,0.533,4.8,12.2,4.0,0.9,0.4,3.9,-0.6,0.8,2023,1,0,14318774.44586242,18000000.0
Tyus Jones,PG,27,0.569,2.7,12.0,7.3,1.1,0.3,4.5,0.7,1.3,2023,0,0,14232623.837937882,18000000.0
Clint Capela,C,29,0.571,10.6,11.5,1.2,0.6,1.5,6.3,0.1,1.0,2023,0,0,14204033.143231092,20000000.0
Cam Whitmore,SF,19,0.539,3.8,12.3,0.7,0.6,0.4,1.5,0.1,0.5,2023,1,0,14135201.44719828,18000000.0
Caris LeVert,SG,29,0.487,4.1,14.0,5.1,1.1,0.5,3.6,0.2,1.1,2023,0,0,14031699.788829938,17500000.0
Gary Trent Jr.,SG,25,0.531,2.6,13.7,1.7,1.1,0.1,1.7,-2.6,-0.3,2023,0,0,14023726.039059509,18000000.0
Dennis Schröder,PG,30,0.509,3.0,14.0,6.1,0.8,0.2,3.3,-1.8,0.1,2023,0,0,13990829.449237492,18000000.0
Javonte Green,SF,30,0.667,7.4,12.2,0.6,1.1,0.9,0.9,2.0,0.2,2023,1,0,13937266.627801694,18000000.0
P.J. Washington,PF,25,0.518,5.6,12.9,1.9,1.0,0.8,1.9,-2.1,-0.1,2023,0,1,13910033.5701724,18000000.0
Cameron Johnson,PF,27,0.557,4.3,13.4,2.4,0.8,0.3,3.3,0.4,1.0,2023,0,1,13888348.06165262,18000000.0
Scoot Henderson,PG,19,0.44,3.1,14.0,5.4,0.8,0.2,-1.7,-5.8,-1.7,2023,0,0,13785123.68900912,17549858.8125
Harrison Barnes,PF,31,0.576,3.0,12.2,1.2,0.7,0.1,4.7,-1.8,0.1,2023,0,1,13560157.832491916,17500000.0
Mike Conley,PG,36,0.595,2.9,11.4,5.9,1.2,0.2,8.2,3.4,3.0,2023,0,0,13557689.87879585,17500000.0
Jaime Jaquez Jr.,SF,22,0.536,3.8,11.9,2.6,1.0,0.3,4.0,-1.9,0.1,2023,1,0,13511383.202183397,17500000.0
Scotty Pippen Jr.,PG,23,0.567,3.2,12.9,4.7,1.7,0.5,1.0,1.3,0.4,2023,0,0,13458806.90252877,17125000.0
Ayo Dosunmu,SG,24,0.583,2.8,12.2,3.2,0.9,0.5,4.1,-0.8,0.7,2023,0,0,13377523.9916907,17500000.0
Keyonte George,PG,20,0.482,2.8,13.0,4.4,0.5,0.1,-0.3,-4.4,-1.2,2023,0,0,13256524.956030566,17000000.0
Marvin Bagley III,C,24,0.597,6.2,11.7,1.1,0.4,0.7,2.7,-0.4,0.4,2023,0,0,11851292.009111261,16000000.0
Buddy Hield,SF-SG,31,0.565,3.2,12.1,2.8,0.8,0.5,3.5,0.4,1.3,2023,0,0,11714430.724365726,15750000.0
Jakob Poeltl,C,28,0.656,8.6,11.1,2.5,0.7,1.5,3.8,0.7,0.9,2023,0,0,11593803.92565879,16000000.0
Cole Anthony,PG,23,0.496,3.8,11.6,2.9,0.8,0.5,3.6,0.1,1.0,2023,0,0,11503981.72381536,15750000.0
Jeremy Sochan,PF,20,0.483,6.4,11.6,3.4,0.8,0.5,1.4,-3.4,-0.8,2023,0,1,11198330.269617014,15000000.0
Malik Beasley,SG,27,0.598,3.7,11.3,1.4,0.7,0.1,3.5,-1.8,0.1,2023,0,0,11118848.468320085,15000000.0
Brandon Clarke,PF,27,0.568,5.3,11.3,1.5,0.8,1.0,0.3,1.0,0.1,2023,0,1,11021845.737567976,15750000.0
Zach Collins,C,26,0.531,5.4,11.2,2.8,0.5,0.8,1.8,-2.0,0.0,2023,0,0,11008293.349199118,15750000.0
Jusuf Nurkić,C,29,0.528,11.0,10.9,4.0,1.1,1.1,5.8,1.1,1.6,2023,0,0,10745239.841118274,13666666.666666666
Daniel Gafford,C-PF,25,0.725,7.6,11.0,1.6,0.9,2.1,7.8,2.6,2.1,2023,0,0,10649429.727373742,13503875.0
Herbert Jones,SF,25,0.595,3.6,11.0,2.6,1.4,0.8,6.3,0.6,1.6,2023,1,0,10383804.305483615,13666666.666666666
De'Anthony Melton,SG,25,0.493,3.7,11.1,3.0,1.6,0.4,2.1,0.5,0.7,2023,0,0,10000378.434998127,13375968.75
Chris Paul,PG,38,0.525,3.9,9.2,6.8,1.2,0.1,4.3,1.0,1.2,2023,0,0,9719797.791610988,11993441.333333334
Alex Caruso,SG,29,0.593,3.8,10.1,3.5,1.7,1.0,4.9,2.5,2.3,2023,0,0,9681183.40874103,12062500.0
Russell Westbrook,PG,35,0.486,5.0,11.1,4.5,1.1,0.3,2.1,0.5,1.0,2023,0,0,9681092.133229213,13000000.0
Wendell Carter Jr.,C,24,0.6,6.9,11.0,1.7,0.6,0.5,4.4,0.9,1.0,2023,0,0,9630598.385624953,12631429.854166666
Tre Jones,PG,24,0.558,3.8,10.0,6.2,1.0,0.1,4.9,-0.4,0.9,2023,0,0,9586957.47064292,11766666.666666666
Luguentz Dort,SF,24,0.557,3.6,10.9,1.4,0.9,0.6,4.6,-1.6,0.2,2023,1,0,9566882.526709149,12488864.75
Al Horford,C,37,0.64,6.4,8.6,2.6,0.6,1.0,6.2,3.6,2.5,2023,0,0,9544650.09073192,11477275.166666668
Josh Hart,SF,28,0.493,8.3,9.4,4.1,0.9,0.3,5.7,0.0,1.4,2023,1,0,9523194.807734113,11993441.333333334
Isaiah Hartenstein,C,25,0.645,8.3,7.8,2.5,1.2,1.1,8.1,3.5,2.6,2023,0,0,9472825.44876231,11000000.0
Moritz Wagner,C,26,0.636,4.3,10.9,1.2,0.5,0.3,5.6,2.0,1.4,2023,0,0,9350643.010137547,12250000.0
Kelly Olynyk,C,32,0.616,5.3,9.8,4.4,0.9,0.4,4.9,1.8,1.7,2023,0,0,9247072.367491627,11000000.0
Obi Toppin,PF,25,0.661,3.9,10.3,1.6,0.6,0.5,4.8,1.5,1.5,2023,0,1,9001410.64678054,11000000.0
Payton Pritchard,PG,26,0.583,3.2,9.6,3.4,0.5,0.1,6.1,1.0,1.4,2023,0,0,8893354.735482221,11000000.0
Amen Thompson,SF,21,0.545,6.6,9.5,2.6,1.3,0.6,4.3,1.8,1.3,2023,1,0,8831517.054807866,10541666.666666666
Draymond Green,PF,33,0.566,7.2,8.6,6.0,1.0,0.9,3.6,2.4,1.6,2023,0,1,8831023.071685812,11000000.0
Dereck Lively II,C,19,0.747,6.9,8.8,1.1,0.7,1.4,4.9,0.5,0.8,2023,0,0,8747817.75298026,10666666.666666666
Onyeka Okongwu,C,23,0.642,6.8,10.2,1.3,0.5,1.1,4.5,-0.4,0.5,2023,0,0,8691361.25872783,10750000.0
Nick Richards,C,26,0.691,8.0,9.7,0.8,0.4,1.1,5.1,-2.3,-0.1,2023,0,0,8639977.91538902,10500000.0
Andre Drummond,C,30,0.556,9.0,8.4,0.5,0.9,0.6,4.9,0.1,0.7,2023,0,0,8617178.744667854,10250000.0
Brandin Podziemski,SG,20,0.529,5.8,9.2,3.7,0.8,0.2,4.1,-0.1,0.9,2023,0,0,8475261.534626791,10250000.0
Sam Hauser,SF,26,0.623,3.5,9.0,1.0,0.5,0.3,4.9,1.2,1.4,2023,1,0,8408075.546565052,10062500.0
T.J. McConnell,PG,31,0.572,2.7,10.2,5.5,1.0,0.1,3.9,3.0,1.6,2023,0,0,8362896.369677012,10250000.0
Trayce Jackson-Davis,PF,23,0.702,5.0,7.9,1.2,0.4,1.1,4.8,2.8,1.4,2023,0,1,8221319.708999987,9705625.0
Luke Kennard,SG,27,0.617,2.9,11.0,3.5,0.5,0.1,2.1,-0.3,0.4,2023,0,0,8204646.320168494,10666666.666666666
Jaden McDaniels,SF,23,0.557,3.1,10.5,1.4,0.9,0.6,3.4,-2.6,-0.3,2023,1,0,8178567.026963402,10375000.0
Santi Aldama,PF,23,0.528,5.8,10.7,2.3,0.7,0.9,2.4,-0.2,0.7,2023,0,1,8170527.214563854,10666666.666666666
Spencer Dinwiddie,PG,30,0.489,2.7,10.5,4.7,0.7,0.3,3.6,-1.9,0.1,2023,0,0,8111094.385287736,10062500.0
Kentavious Caldwell-Pope,SG,30,0.566,2.4,10.1,2.4,1.3,0.6,4.8,-1.4,0.4,2023,0,0,8105475.421057564,9526875.0
Bruce Brown,PG-SG,27,0.523,4.2,10.8,2.9,0.9,0.3,2.2,-3.3,-0.6,2023,0,0,8066857.417530518,10375000.0
Isaiah Stewart,PF,22,0.575,6.6,10.9,1.6,0.4,0.8,1.7,-2.3,-0.1,2023,0,1,8041006.780878271,10666666.666666666
Simone Fontecchio,SF,28,0.582,3.7,10.5,1.5,0.7,0.3,2.1,-1.0,0.4,2023,1,0,7981671.3409809675,10000000.0
Nickeil Alexander-Walker,SG,25,0.56,2.0,8.0,2.5,0.8,0.5,4.3,0.2,1.1,2023,0,0,7969728.603810116,9375000.0
Paul Reed,C,24,0.561,6.0,7.3,1.3,0.8,1.0,5.1,0.4,0.9,2023,0,0,7931770.731406224,9500000.0
Walker Kessler,C,22,0.66,7.5,8.1,0.9,0.5,2.4,4.1,0.9,1.1,2023,0,0,7915111.230653913,9500000.0
Kyle Anderson,PF,30,0.472,3.5,6.4,4.2,0.9,0.6,4.5,1.1,1.4,2023,0,1,7825430.639630455,9000000.0
Jalen Smith,C,23,0.67,5.5,9.9,1.0,0.3,0.6,4.0,2.4,1.2,2023,0,0,7784479.635287857,9500000.0
Isaac Okoro,SF,23,0.577,3.0,9.4,1.9,0.8,0.5,4.2,-1.1,0.4,2023,1,0,7705545.634668113,9500000.0
Terance Mann,SG,27,0.587,3.4,8.8,1.6,0.6,0.2,4.2,-1.5,0.2,2023,0,0,7643695.024054444,9500000.0
Grant Williams,PF,25,0.56,4.2,10.3,2.3,0.6,0.5,2.6,-2.6,-0.3,2023,0,1,7527685.265002311,9526875.0
Eric Gordon,SG,35,0.565,1.8,11.0,2.0,1.0,0.4,2.5,-1.7,0.1,2023,0,0,7465329.141238038,9607500.0
Jake LaRavia,PF,22,0.477,3.7,10.8,1.7,0.8,0.3,1.0,-2.5,-0.1,2023,0,1,7348824.930690857,10000000.0
Vince Williams Jr.,SG,23,0.55,5.6,10.0,3.4,0.9,0.7,2.8,-0.7,0.5,2023,0,0,7265090.286874999,9333333.333333334
Jabari Walker,SF,21,0.5,7.1,8.9,1.0,0.6,0.3,2.9,-3.3,-0.6,2023,1,0,7179773.262750683,9083333.333333334
Kevin Huerter,SG,25,0.553,3.5,10.2,2.6,0.7,0.4,2.9,-0.8,0.5,2023,0,0,7135070.099993442,9000000.0
Kevin Love,PF,35,0.557,6.1,8.8,2.1,0.3,0.2,3.3,3.6,1.3,2023,0,1,7115347.738441195,9000000.0
Andrew Nembhard,PG,24,0.557,2.1,9.2,4.1,0.9,0.1,2.0,-2.2,-0.1,2023,0,0,7091890.516113728,9000000.0
Ausar Thompson,SF,21,0.505,6.4,8.8,1.9,1.1,0.9,1.8,-2.2,-0.1,2023,1,0,7075721.880047827,9000000.0
Royce O'Neale,SF,30,0.542,4.8,7.7,2.8,0.7,0.6,3.4,0.0,1.0,2023,1,0,7038614.8623150885,9000000.0
Luke Kornet,C,28,0.702,4.1,5.3,1.1,0.4,1.0,5.1,3.4,1.3,2023,0,0,6999880.285928221,9000000.0
Alec Burks,SG,32,0.478,2.3,10.4,1.3,0.4,0.2,1.4,-2.3,-0.1,2023,0,0,6984233.120932539,9000000.0
Precious Achiuwa,PF-C,24,0.529,6.6,7.6,1.3,0.6,0.9,3.4,-1.4,0.2,2023,0,0,6978952.29494618,9000000.0
Caleb Martin,SF,28,0.504,4.4,10.0,2.2,0.7,0.5,2.4,-2.0,0.0,2023,1,0,6929432.324082689,9000000.0
Kyle Lowry,PG,37,0.562,3.2,8.1,4.2,1.0,0.4,3.5,-1.0,0.4,2023,0,0,6880762.377146337,8750000.0
Derrick Jones Jr.,SF,26,0.566,3.3,8.6,1.0,0.7,0.7,3.1,-1.5,0.2,2023,1,0,6856100.844980413,9000000.0
Larry Nance Jr.,C,31,0.629,5.0,5.7,1.9,1.0,0.3,4.1,2.0,1.2,2023,0,0,6829956.884586532,8839743.0
Dorian Finney-Smith,PF,30,0.535,4.7,8.5,1.6,0.8,0.6,2.6,-2.0,0.0,2023,0,1,6809118.606627506,9000000.0
Isaiah Joe,SG,24,0.609,2.3,8.2,1.3,0.6,0.3,3.5,0.9,1.0,2023,0,0,6779259.914102859,8750000.0
Reggie Jackson,PG,33,0.499,1.9,10.2,3.8,0.5,0.2,2.1,-3.2,-0.6,2023,0,0,6774538.811870388,8839743.0
Dalano Banton,PG,24,0.463,3.3,10.3,2.4,0.6,0.4,0.5,-1.3,0.2,2023,0,0,6742038.577785258,9000000.0
Dario Šarić,C,29,0.562,4.4,8.0,2.3,0.5,0.2,2.8,1.0,0.9,2023,0,0,6730195.7196995085,9000000.0
Gordon Hayward,SF,33,0.51,3.5,9.8,3.1,0.8,0.3,1.5,-2.1,0.0,2023,1,0,6708058.881119006,8750000.0
Duop Reath,C,27,0.549,3.7,9.1,1.0,0.5,0.6,2.4,-0.9,0.3,2023,0,0,6704775.611853958,9000000.0
Josh Richardson,SG,30,0.539,2.8,9.9,2.4,0.6,0.3,2.1,-1.3,0.2,2023,0,0,6672645.154151886,8750000.0
Tari Eason,PF,22,0.513,7.0,9.8,1.2,1.4,0.9,1.3,1.6,0.4,2023,0,1,6671500.192014235,9000000.0
Miles McBride,PG,23,0.572,1.5,8.3,1.7,0.7,0.1,3.6,-0.1,0.6,2023,0,0,6657331.92438328,8750000.0
Taurean Prince,PF,29,0.566,2.9,8.9,1.5,0.7,0.4,1.9,-2.8,-0.4,2023,0,1,6655637.496724638,8750000.0
Nikola Jović,PF,20,0.568,4.2,7.7,2.0,0.5,0.3,1.9,0.3,0.5,2023,0,1,6616494.576607098,8839743.0
Moses Moody,SG,21,0.548,3.0,8.1,0.9,0.6,0.4,2.4,-0.1,0.6,2023,0,0,6592465.625174292,8750000.0
Georges Niang,PF,30,0.567,3.4,9.4,1.2,0.4,0.2,2.4,-2.9,-0.4,2023,0,1,6574705.029948638,8750000.0
Dante Exum,PG,28,0.621,2.7,7.8,2.9,0.4,0.1,2.9,-0.6,0.4,2023,0,0,6572016.7012907835,8750000.0
Jonathan Isaac,PF,26,0.584,4.5,6.8,0.5,0.7,1.2,3.6,3.8,1.4,2023,0,1,6565184.220689345,8500000.0
Josh Green,SG,23,0.575,3.2,8.2,2.3,0.8,0.2,2.2,-2.7,-0.3,2023,0,0,6565020.182392111,8680000.0
Toumani Camara,PF,23,0.516,4.9,7.5,1.2,0.9,0.5,2.0,-3.1,-0.5,2023,0,1,6537902.213294703,8500000.0
Sam Merrill,SG,27,0.584,2.0,8.0,1.8,0.3,0.1,2.8,0.5,0.7,2023,0,0,6406878.666415368,8697500.0
Cason Wallace,SG,20,0.602,2.3,6.8,1.5,0.9,0.5,4.0,0.1,0.9,2023,0,0,6387805.862893758,8333333.333333333
Tre Mann,PG,22,0.533,3.6,9.3,4.0,1.2,0.1,1.2,-1.3,0.2,2023,0,0,6353286.739808717,8500000.0
Kevon Looney,C,27,0.597,5.7,4.5,1.8,0.4,0.4,4.0,0.6,0.8,2023,0,0,6325374.0289791245,8500000.0
Trey Lyles,PF,28,0.576,4.4,7.2,1.2,0.3,0.3,2.4,-1.1,0.3,2023,0,1,6318899.043176834,8500000.0
Goga Bitadze,C,24,0.608,4.6,5.0,1.3,0.5,1.2,3.7,2.1,1.0,2023,0,0,6306877.2902310565,8308333.333333333
Aaron Wiggins,SG,25,0.645,2.4,6.9,1.1,0.7,0.2,3.7,0.7,0.8,2023,0,0,6259807.119918549,8308333.333333333
James Wiseman,C,22,0.613,5.3,7.1,0.9,0.2,0.6,2.1,-3.5,-0.4,2023,0,0,6241159.202540535,8375000.0
Christian Braun,SG,22,0.525,3.7,7.3,1.6,0.5,0.4,3.4,-1.9,0.0,2023,0,0,6209395.055864502,8000000.0
Talen Horton-Tucker,PG,23,0.46,2.4,10.1,3.5,0.9,0.4,0.8,-1.2,0.2,2023,0,0,6180636.629114429,8300000.0
Bilal Coulibaly,SF,19,0.509,4.1,8.4,1.7,0.9,0.8,0.4,-4.2,-0.9,2023,1,0,6171990.083284839,8500000.0
Naji Marshall,SF,26,0.542,3.6,7.1,1.9,0.7,0.2,2.6,-0.7,0.4,2023,1,0,6162813.29476415,8000000.0
Patrick Williams,PF,22,0.525,3.9,10.0,1.5,0.9,0.8,1.2,-2.3,-0.1,2023,0,1,6160159.253422155,8333333.333333333
Jose Alvarado,PG,25,0.525,2.3,7.1,2.1,1.1,0.3,2.1,-0.1,0.5,2023,0,0,6122945.474406941,8000000.0
Day'Ron Sharpe,C,22,0.578,6.4,6.8,1.4,0.4,0.7,2.9,0.0,0.5,2023,0,0,6030074.820130623,8000000.0
Mitchell Robinson,C,25,0.575,8.5,5.6,0.6,1.2,1.1,2.5,0.0,0.4,2023,0,0,6025851.460309365,8000000.0
Markelle Fultz,PG,25,0.479,3.2,7.8,2.8,1.0,0.3,1.3,-1.4,0.1,2023,0,0,5915340.287692598,8000000.0
Cameron Payne,PG,29,0.541,1.5,7.4,2.6,0.5,0.1,2.4,-1.1,0.3,2023,0,0,5907526.808641015,8000000.0
Gradey Dick,SG,20,0.524,2.2,8.5,1.1,0.6,0.0,0.3,-5.4,-1.1,2023,0,0,5871587.670822711,8000000.0
Lonnie Walker IV,SG,25,0.528,2.2,9.7,1.3,0.6,0.3,0.8,-1.4,0.2,2023,0,0,5857371.683684953,8000000.0
Dyson Daniels,PG,20,0.514,3.9,5.8,2.7,1.4,0.4,2.9,0.6,0.9,2023,0,0,5850902.826978445,7789577.1875
Cody Martin,SF,28,0.444,3.9,7.5,3.7,1.1,0.6,-0.2,-3.5,-0.3,2023,1,0,5830148.217127188,7500000.0
Tristan Vukcevic,C,20,0.507,3.6,8.5,1.3,0.5,0.7,0.1,-3.6,-0.1,2023,0,0,5814647.217916918,8000000.0
Isaiah Jackson,C,22,0.665,4.0,6.5,0.8,0.6,1.0,3.3,1.7,0.7,2023,0,0,5793320.487707135,7500000.0
John Konchar,SF,27,0.514,4.7,4.3,2.0,0.9,0.9,2.2,-0.4,0.5,2023,1,0,5735833.9887467865,7789577.1875
Patrick Beverley,PG,35,0.497,3.3,6.2,2.9,0.6,0.4,2.7,-1.1,0.3,2023,0,0,5725880.851182021,7500000.0
Kris Dunn,PG,29,0.535,2.9,5.4,3.8,1.0,0.4,2.0,-0.1,0.6,2023,0,0,5721367.654676456,7500000.0
Malaki Branham,PG,20,0.506,2.0,9.2,2.1,0.4,0.1,-0.3,-5.6,-1.5,2023,0,0,5703294.334394538,8000000.0
Ben Simmons,PG,27,0.581,7.9,6.1,5.7,0.8,0.6,1.0,2.4,0.4,2023,0,0,5695510.73410592,7500000.0
Dennis Smith Jr.,PG,26,0.482,2.9,6.6,3.6,1.2,0.2,1.8,-0.8,0.3,2023,0,0,5674834.376165458,7500000.0
Taylor Hendricks,PF,20,0.56,4.6,7.3,0.8,0.7,0.8,1.2,-1.6,0.1,2023,0,1,5670986.857365084,7500000.0
Ziaire Williams,SF,22,0.474,3.5,8.2,1.5,0.7,0.2,0.2,-4.5,-0.6,2023,1,0,5666618.048438749,7500000.0
Nicolas Batum,PF,35,0.596,4.1,5.3,2.1,0.8,0.6,3.3,-0.4,0.6,2023,0,1,5607704.3427000465,7500000.0
Peyton Watson,SF,21,0.516,3.2,6.7,1.1,0.5,1.1,2.5,-2.2,-0.1,2023,1,0,5585854.267313018,7500000.0
Dean Wade,PF,27,0.584,4.0,5.4,0.8,0.7,0.5,2.5,0.1,0.6,2023,0,1,5576121.391286613,7500000.0
Daniel Theis,C,31,0.577,4.1,6.3,1.0,0.4,0.9,2.5,-1.6,0.1,2023,0,0,5525329.740197341,7500000.0
Mason Plumlee,C,33,0.569,5.1,5.3,1.2,0.3,0.4,2.0,-0.8,0.2,2023,0,0,5513070.015471879,7500000.0
Marcus Sasser,PG,23,0.516,1.8,8.3,3.3,0.6,0.2,0.9,-2.6,-0.2,2023,0,0,5505212.188947444,7250000.0
Haywood Highsmith,PF,27,0.581,3.2,6.1,1.1,0.8,0.5,3.1,-0.7,0.5,2023,0,1,5500975.2351294095,7500000.0
RaiQuan Gray,PF,24,0.676,2.3,7.7,2.0,0.3,0.3,0.2,7.4,0.1,2023,0,1,5481081.178317051,7500000.0
Drew Eubanks,C,26,0.607,4.3,5.1,0.8,0.4,0.8,3.1,-1.2,0.2,2023,0,0,5465499.0511253495,7500000.0
Torrey Craig,SF,33,0.55,4.1,5.7,1.1,0.6,0.4,1.9,-2.0,0.0,2023,1,0,5445910.1032398855,7500000.0
Jordan Goodwin,PG,25,0.424,4.4,6.5,2.7,0.8,0.3,1.2,-1.0,0.3,2023,0,0,5442356.855445537,7079048.5
Neemias Queta,C,24,0.644,4.4,5.5,0.7,0.5,0.8,1.8,1.5,0.3,2023,0,0,5433530.090457169,7500000.0
Joe Ingles,SF,36,0.59,2.1,4.4,3.0,0.6,0.1,2.6,-0.5,0.5,2023,1,0,5423536.807235324,7500000.0
Julian Champagnie,SF,22,0.534,2.8,6.8,1.4,0.6,0.6,1.8,-1.9,0.0,2023,1,0,5416164.471939575,7500000.0
Jordan Hawkins,SG,21,0.501,2.2,7.8,1.0,0.3,0.1,1.3,-3.1,-0.3,2023,0,0,5414688.73246251,7500000.0
Mo Bamba,C,25,0.553,4.2,4.4,0.7,0.4,1.1,2.0,-1.0,0.2,2023,0,0,5407357.003111874,7500000.0
Bruno Fernando,C,25,0.583,4.3,6.3,1.0,0.6,0.6,1.5,-2.3,-0.1,2023,0,0,5392917.678920115,7500000.0
Trendon Watford,PF,23,0.571,3.1,6.9,1.3,0.4,0.3,1.8,-0.5,0.3,2023,0,1,5380017.017411216,7500000.0
Gary Harris,SG,29,0.569,1.7,6.9,1.6,0.9,0.3,2.7,-1.2,0.3,2023,0,0,5371353.553638563,7500000.0
Cedi Osman,SF,28,0.591,2.5,6.8,1.7,0.5,0.2,1.9,-2.1,0.0,2023,1,0,5360462.53990412,7500000.0
Matisse Thybulle,SF,26,0.524,2.1,5.4,1.4,1.7,0.8,2.2,0.6,0.9,2023,1,0,5338602.96511097,7500000.0
Amir Coffey,SF,26,0.571,2.1,6.6,1.1,0.6,0.2,2.6,-2.2,-0.1,2023,1,0,5329971.935470609,7500000.0
Kenrich Williams,PF,29,0.568,3.0,4.7,1.3,0.6,0.1,2.5,-0.8,0.3,2023,0,1,5326198.770360055,7500000.0
Jaylin Williams,C,21,0.533,3.4,4.0,1.6,0.4,0.4,2.4,1.1,0.7,2023,0,0,5326027.004601145,7500000.0
Chimezie Metu,C,26,0.561,3.8,6.5,0.9,0.8,0.3,1.5,-1.3,0.2,2023,0,0,5313038.724553913,7079048.5
Derrick Rose,PG,35,0.506,1.9,8.0,3.3,0.3,0.1,0.4,-2.8,-0.1,2023,0,0,5298724.097472945,7055398.0
Keon Ellis,SG,24,0.612,2.2,5.4,1.5,0.9,0.5,2.3,1.2,0.8,2023,0,0,5283908.370521283,7500000.0
Chris Boucher,PF,31,0.578,4.1,6.4,0.5,0.3,0.5,1.7,-1.7,0.1,2023,0,1,5270946.319964942,7150000.0
Dwight Powell,C,32,0.684,3.4,3.3,1.3,0.4,0.3,3.1,-0.3,0.4,2023,0,0,5270408.9176940685,7312500.0
Jock Landale,C,28,0.539,3.1,4.9,1.2,0.4,0.6,2.3,-0.1,0.4,2023,0,0,5254557.899668211,7500000.0
Josh Okogie,SG,25,0.488,2.6,4.6,1.1,0.8,0.4,2.1,-0.5,0.4,2023,0,0,5252246.082224034,7500000.0
Pat Connaughton,SF,31,0.553,3.1,5.6,2.1,0.5,0.3,2.8,-1.6,0.2,2023,1,0,5234900.854058431,7312500.0
Jeff Green,PF,37,0.529,2.3,6.5,0.9,0.2,0.4,2.6,-2.1,0.0,2023,0,1,5233651.8860018365,7500000.0
Jae Crowder,PF,33,0.53,3.2,6.2,1.3,0.8,0.2,1.6,-2.6,-0.2,2023,0,1,5230007.440823411,7000000.0
Jordan McLaughlin,PG,27,0.628,1.3,3.5,2.0,0.6,0.1,2.5,4.2,1.0,2023,0,0,5191186.084451168,7312500.0
Robert Williams,C,26,0.654,6.3,6.8,0.8,1.2,1.2,0.4,0.7,0.1,2023,0,0,5186056.066993106,7055398.0
Lamar Stevens,PF,26,0.479,3.3,7.2,0.7,0.6,0.6,0.8,-2.2,0.0,2023,0,1,5178870.029540428,7055398.0
Gary Payton II,SG,31,0.617,2.6,5.5,1.1,0.9,0.4,1.8,0.9,0.5,2023,0,0,5169263.417314217,7000000.0
Robert Covington,SF-PF,33,0.536,3.3,4.4,0.8,1.3,0.6,1.5,2.2,0.5,2023,0,0,5160691.271044293,7000000.0
Jaxson Hayes,C,23,0.72,3.0,4.3,0.5,0.5,0.4,2.5,-1.9,0.0,2023,0,0,5155985.651403072,7175000.0
Brice Sensabaugh,SF,20,0.468,3.2,7.5,1.7,0.4,0.2,-0.3,-5.5,-0.5,2023,1,0,5152909.847162336,7055398.0
Jae'Sean Tate,SF,28,0.522,3.0,4.1,1.0,0.6,0.2,1.8,-2.3,-0.1,2023,1,0,5127448.714529635,7000000.0
Xavier Tillman Sr.,C-PF,25,0.47,3.9,5.3,1.4,0.9,0.8,1.4,-1.2,0.2,2023,0,0,5084095.136149399,7000000.0
Thomas Bryant,C,26,0.591,3.7,5.7,0.6,0.3,0.4,1.6,-0.4,0.2,2023,0,0,5060954.304191449,7000000.0
Quentin Grimes,SG,23,0.495,2.0,7.0,1.3,0.7,0.1,1.3,-2.2,-0.1,2023,0,0,5051932.315691896,7000000.0
DeJon Jarreau,SG,26,0.38,4.9,4.8,2.9,0.7,0.2,0.0,-4.0,-0.1,2023,0,0,5037380.600523016,6666666.666666667
Aaron Holiday,PG,27,0.547,1.6,6.6,1.8,0.5,0.1,2.5,-1.5,0.2,2023,0,0,5033704.808941972,7000000.0
Mãozinha Pereira,SF,23,0.586,5.3,6.9,0.3,0.9,0.6,0.3,-0.5,0.0,2023,1,0,5030382.360990087,7000000.0
Bol Bol,PF,24,0.689,3.2,5.2,0.4,0.2,0.6,1.6,2.1,0.5,2023,0,1,5023909.625105224,7000000.0
Christian Wood,PF,28,0.532,5.1,6.9,1.0,0.3,0.7,1.2,-2.8,-0.2,2023,0,1,4996549.991043771,7000000.0
Delon Wright,PG,31,0.46,1.8,4.5,2.5,1.1,0.2,1.7,0.4,0.5,2023,0,0,4974292.602283009,6750000.0
Kevin Knox,SF,24,0.546,2.4,7.2,0.7,0.4,0.2,0.4,-4.6,-0.4,2023,1,0,4925975.503132261,7000000.0
Jacob Gilyard,PG,25,0.57,1.1,4.2,3.3,0.8,0.1,1.4,-1.4,0.1,2023,0,0,4921018.548819276,6666666.666666667
Javon Freeman-Liberty,PG,24,0.484,3.2,7.0,1.8,0.5,0.2,0.2,-5.2,-0.3,2023,0,0,4911127.908584833,7000000.0
Killian Hayes,PG,22,0.452,2.8,6.9,4.9,0.9,0.5,0.7,-2.7,-0.2,2023,0,0,4906127.3597447295,6750000.0
Oshae Brissett,SF,25,0.493,2.9,3.7,0.8,0.3,0.1,1.7,-1.8,0.0,2023,1,0,4905410.997547797,7000000.0
Jordan Nwora,SF,25,0.535,2.9,7.0,1.2,0.5,0.3,0.5,-2.5,-0.1,2023,1,0,4874931.728505855,7000000.0
Jericho Sims,C,25,0.691,3.3,2.0,0.6,0.2,0.4,1.5,-1.8,0.0,2023,0,0,4849503.9378605215,7000000.0
Craig Porter Jr.,PG,23,0.535,2.1,5.6,2.3,0.4,0.3,1.5,0.5,0.4,2023,0,0,4847017.81153129,7000000.0
Zavier Simpson,PG,26,0.361,2.9,6.0,3.6,1.0,0.4,-0.2,-5.9,-0.2,2023,0,0,4846903.127373368,6375000.0
Vasilije Micić,PG,30,0.488,1.5,7.0,4.4,0.5,0.1,0.4,-4.6,-0.8,2023,0,0,4836604.736244678,6712500.0
Tristan Thompson,C,32,0.608,3.6,3.3,1.0,0.2,0.3,1.4,-1.4,0.1,2023,0,0,4816464.120394808,6750000.0
Trey Jemison,C,24,0.551,5.4,6.8,1.1,0.5,1.1,0.9,-5.1,-0.5,2023,0,0,4809312.448465587,6750000.0
Maxi Kleber,C,32,0.541,3.3,4.4,1.6,0.4,0.7,1.4,-1.3,0.2,2023,0,0,4794793.135478192,6712500.0
Anthony Black,PG,20,0.54,2.0,4.6,1.3,0.5,0.3,1.6,-3.0,-0.3,2023,0,0,4751704.108255095,6750000.0
Justin Holiday,SG,34,0.595,1.2,4.0,1.2,0.6,0.2,1.8,-1.6,0.1,2023,0,0,4749724.049337394,6666666.666666667
Jarred Vanderbilt,PF,24,0.553,4.8,5.2,1.2,1.2,0.2,1.1,-1.6,0.0,2023,0,1,4748671.949017711,6666666.666666667
Jaden Hardy,SG,21,0.492,1.8,7.3,1.5,0.3,0.1,0.3,-4.1,-0.5,2023,0,0,4700882.187230759,6750000.0
Johnny Juzang,SG,22,0.609,1.8,7.2,1.2,0.2,0.1,0.4,-3.7,-0.2,2023,0,0,4662530.011474048,6675000.0
Evan Fournier,SG,31,0.432,1.8,6.9,1.5,0.9,0.2,-0.1,-4.3,-0.3,2023,0,0,4608343.553690666,6058750.0
Jahmi'us Ramsey,SG,22,0.512,3.1,6.7,1.1,1.0,0.0,0.1,-4.4,-0.1,2023,0,0,4594918.366310682,6500000.0
Richaun Holmes,C-PF,30,0.561,4.6,5.0,0.6,0.3,0.5,1.3,-3.3,-0.2,2023,0,0,4571454.894777192,6184583.333333333
Landry Shamet,SG,26,0.527,1.3,7.1,1.2,0.5,0.2,0.3,-4.0,-0.4,2023,0,0,4565818.319815272,6541666.666666667
DeAndre Jordan,C,35,0.624,4.4,3.9,0.7,0.2,0.4,1.2,-1.7,0.0,2023,0,0,4562950.697521738,6135000.0
Bismack Biyombo,C,31,0.565,5.2,4.4,1.3,0.3,0.9,1.1,-3.4,-0.3,2023,0,0,4554174.738778305,6184583.333333333
Garrison Mathews,SG,27,0.644,1.4,4.9,0.6,0.3,0.1,1.6,-3.0,-0.2,2023,0,0,4549627.790622876,6500000.0
Thaddeus Young,PF,35,0.606,3.1,4.2,1.7,0.7,0.2,1.3,0.3,0.2,2023,0,1,4536186.968209951,6058750.0
Wenyen Gabriel,PF,26,0.386,5.0,3.4,0.6,0.4,0.4,-0.2,-12.5,-0.2,2023,0,1,4492980.192767099,6008333.333333333
Malik Williams,C,25,0.279,5.4,2.7,0.3,0.4,0.6,-0.2,-11.5,-0.3,2023,0,0,4492980.192767099,6008333.333333333
Mouhamed Gueye,PF,21,0.413,3.7,4.0,0.7,0.8,0.7,0.2,-1.5,0.0,2023,0,1,4486345.132488159,5825000.0
Caleb Houstan,SF,21,0.563,1.4,4.3,0.5,0.3,0.1,1.5,-1.9,0.0,2023,1,0,4458070.383610747,6184583.333333333
Timmy Allen,SF,24,0.261,3.4,2.6,1.0,0.8,0.0,-0.1,-11.1,-0.3,2023,1,0,4406379.040497947,5268360.0
Markquis Nowell,SG,24,0.0,2.0,2.0,2.0,1.0,0.0,0.1,43.3,0.0,2023,0,0,4395023.714532687,5175000.0
Bones Hyland,PG,23,0.474,1.5,6.9,2.5,0.7,0.1,0.0,-3.6,-0.2,2023,0,0,4376928.504175985,5825000.0
Jontay Porter,PF,24,0.481,3.2,4.4,2.3,0.8,0.8,0.7,1.7,0.3,2023,0,1,4367260.859932174,6000000.0
Kris Murray,SF,23,0.463,3.6,6.1,1.3,0.9,0.3,0.7,-3.6,-0.6,2023,1,0,4353124.841000458,6000000.0
Justin Champagnie,SF,22,0.494,3.5,5.9,1.3,0.7,0.6,0.3,-1.8,0.0,2023,1,0,4342953.138585289,6000000.0
Jack White,SF,26,0.188,3.0,1.5,0.3,1.0,0.3,-0.1,-10.3,-0.1,2023,1,0,4341881.262801006,5323440.0
Ashton Hagans,PG,24,0.465,2.4,4.2,2.8,0.6,0.5,0.0,-3.5,-0.1,2023,0,0,4335843.898645728,5250000.0
Charles Bassey,C,23,0.725,4.0,3.3,1.1,0.4,0.9,0.7,1.3,0.2,2023,0,0,4275787.199352353,6000000.0
Jared Butler,SG,23,0.547,1.5,6.3,3.2,0.7,0.2,0.6,-2.1,0.0,2023,0,0,4261634.300071579,5000000.0
Alex Len,C,30,0.617,2.7,2.5,1.0,0.2,0.7,1.3,0.2,0.2,2023,0,0,4246170.727317384,5766666.666666667
David Duke Jr.,SG,24,0.639,2.5,6.5,1.3,0.5,0.0,0.1,1.4,0.0,2023,0,0,4241647.705793397,5825000.0
Dāvis Bertāns,PF,31,0.556,1.4,6.7,0.8,0.6,0.3,0.9,-1.4,0.1,2023,0,1,4239733.62901273,5766666.666666667
Monte Morris,PG,28,0.493,1.7,5.0,2.1,0.6,0.3,1.2,0.7,0.3,2023,0,0,4221857.201310582,5250000.0
Darius Bazley,PF,23,0.633,3.1,5.3,0.8,0.7,0.8,0.3,-0.4,0.1,2023,0,1,4220680.682016657,5766666.666666667
Marcus Morris,PF,34,0.53,2.7,6.4,0.7,0.3,0.3,1.0,-3.8,-0.4,2023,0,1,4219913.714959283,5766666.666666667
Kobi Simmons,PG,26,0.476,1.8,5.0,3.0,1.5,0.5,0.1,-1.0,0.0,2023,0,0,4214259.841785502,5000000.0
David Roddy,PF,22,0.462,3.2,6.5,1.2,0.4,0.2,0.1,-5.0,-0.9,2023,0,1,4212193.261639215,5766666.666666667
Vit Krejci,PG,23,0.625,2.4,6.1,2.3,0.6,0.3,0.6,-3.7,-0.2,2023,0,0,4205305.281212434,5268360.0
Dominick Barlow,PF,20,0.509,3.4,4.4,1.1,0.4,0.4,1.1,-1.7,0.0,2023,0,1,4204838.237290969,5434246.666666667
Sandro Mamukelashvili,C,24,0.532,3.2,4.1,1.1,0.2,0.3,1.0,-0.5,0.2,2023,0,0,4190612.693081613,5766666.666666667
Omer Yurtseven,C,25,0.552,4.3,4.6,0.6,0.2,0.4,0.7,-3.0,-0.1,2023,0,0,4185230.028885564,5323440.0
Noah Clowney,PF,19,0.602,3.5,5.8,0.8,0.3,0.7,0.9,-0.7,0.1,2023,0,1,4157559.335162631,5434246.666666667
Jalen Wilson,PF,23,0.492,3.0,5.0,1.0,0.3,0.1,1.1,-2.9,-0.2,2023,0,1,4136131.801872271,5323440.0
Tosan Evbuomwan,SF,22,0.592,3.5,5.9,0.9,0.4,0.3,0.5,-3.0,-0.1,2023,1,0,4134141.5741653363,5037500.0
Adama Sanogo,PF,21,0.519,4.0,4.0,0.0,0.1,0.0,0.2,-6.7,-0.1,2023,0,1,4129847.847799036,5000000.0
Ochai Agbaji,SG,23,0.483,2.8,5.8,1.1,0.6,0.6,0.1,-4.4,-1.0,2023,0,0,4128755.1466692667,5250000.0
Isaiah Livers,PF,25,0.44,2.1,5.0,1.1,0.6,0.2,-0.1,-6.5,-0.5,2023,0,1,4114099.764038493,5000000.0
Sasha Vezenkov,PF,28,0.558,2.3,5.4,0.5,0.5,0.2,1.0,-0.9,0.1,2023,0,1,4100835.2896151515,5037500.0
Moses Brown,C,24,0.508,3.9,3.4,0.3,0.2,0.3,0.2,-6.5,-0.2,2023,0,0,4085632.8592398204,5000000.0
Keita Bates-Diop,SF,28,0.497,2.1,3.7,0.7,0.5,0.4,1.3,-1.0,0.2,2023,1,0,4047074.7203170112,5000000.0
Danilo Gallinari,PF-SF,35,0.516,2.2,5.7,1.1,0.3,0.1,1.3,-1.9,0.0,2023,0,0,4046938.440537181,5000000.0
Ish Smith,PG,35,0.43,1.8,3.2,3.4,0.4,0.1,-0.4,-6.8,-0.9,2023,0,0,4010937.619694006,5000000.0
Cam Reddish,SF,24,0.468,2.1,5.4,1.0,1.0,0.3,0.6,-3.2,-0.3,2023,1,0,4006019.955127808,5000000.0
Jason Preston,PG,24,0.316,2.4,1.7,2.3,0.3,0.1,0.0,-2.6,0.0,2023,0,0,4002297.5586737725,5000000.0
Zeke Nnaji,PF,23,0.483,2.2,3.2,0.6,0.3,0.7,1.2,-3.7,-0.2,2023,0,1,4000964.6677527092,5000000.0
Patrick Baldwin Jr.,SF,21,0.481,3.2,4.4,0.8,0.5,0.4,0.2,-4.6,-0.3,2023,1,0,3999090.2533101565,5000000.0
Nathan Mensah,C,25,0.429,2.6,1.3,0.4,0.2,0.6,0.1,-8.8,-0.5,2023,0,0,3989949.3875336917,5000000.0
Jeff Dowtin,PG,26,0.681,1.7,4.3,2.3,0.6,0.1,0.6,3.3,0.2,2023,0,0,3989851.243365744,5000000.0
Dexter Dennis,SG,24,0.553,2.3,5.5,1.0,0.0,0.3,0.0,1.7,0.0,2023,0,0,3989374.0408921847,5000000.0
Cody Zeller,C,31,0.427,2.6,1.8,0.9,0.2,0.1,0.8,-2.6,0.0,2023,0,0,3983164.2607448106,5000000.0
Dru Smith,SG,26,0.561,1.6,4.3,1.6,1.0,0.3,0.3,1.4,0.1,2023,0,0,3980927.8653825605,5000000.0
KJ Martin,SF,23,0.558,2.2,3.7,0.9,0.4,0.2,1.1,-4.1,-0.4,2023,1,0,3977016.4717147397,5000000.0
Aleksej Pokusevski,PF,22,0.479,3.2,5.2,1.3,0.5,0.5,0.4,-1.9,0.0,2023,0,1,3972713.1006847266,5000000.0
Rayan Rupert,SG,19,0.422,2.4,4.0,1.6,0.3,0.1,-0.1,-6.7,-0.8,2023,0,0,3965016.159170205,5000000.0
Drew Peterson,PF,24,0.917,0.3,3.7,0.3,0.7,0.0,0.1,5.3,0.0,2023,0,1,3963216.7462885305,5000000.0
Hamidou Diallo,SG,25,0.5,1.0,1.0,0.5,1.0,0.0,0.0,18.7,0.0,2023,0,0,3963216.7462885305,5000000.0
Jordan Walsh,SF,19,0.467,2.2,1.7,0.6,0.6,0.1,0.2,-3.8,0.0,2023,1,0,3961944.162202021,5000000.0
Ryan Rollins,PG,21,0.574,1.0,3.4,1.1,0.8,0.2,0.3,5.7,0.2,2023,0,0,3958221.811742205,5000000.0
Luka Šamanić,PF,24,0.421,2.4,4.1,0.4,0.1,0.2,-0.2,-7.8,-0.6,2023,0,1,3957965.1656732727,5000000.0
Marques Bolden,C,25,0.68,3.1,3.4,0.4,0.3,0.6,0.3,-2.7,0.0,2023,0,0,3944151.211615563,5000000.0
Jaden Springer,SG-PG,21,0.432,1.6,3.3,0.9,0.7,0.3,0.6,-3.4,-0.2,2023,0,0,3941313.0162172103,5000000.0
Eugene Omoruyi,SF,26,0.524,2.0,4.8,0.8,0.6,0.1,0.6,-2.3,0.0,2023,1,0,3935679.490311095,5000000.0
Gabe Vincent,PG,27,0.337,0.8,3.1,1.9,0.8,0.0,-0.1,-6.5,-0.2,2023,0,0,3930764.7006996693,5000000.0
Andre Jackson Jr.,SG,22,0.585,2.0,2.2,0.9,0.3,0.1,1.0,-3.6,-0.2,2023,0,0,3929444.9614997488,5000000.0
Moussa Diabaté,C,22,0.526,2.2,2.6,0.4,0.5,0.1,0.3,3.5,0.1,2023,0,0,3926451.121933572,5000000.0
JaVale McGee,C,36,0.602,2.7,4.0,0.4,0.3,0.4,0.7,-1.3,0.1,2023,0,0,3923902.0126524973,5000000.0
Ricky Council IV,SG,22,0.536,1.4,5.4,0.5,0.3,0.0,1.0,1.3,0.2,2023,0,0,3916141.1526811915,5000000.0
Keon Johnson,SG,21,0.476,1.4,6.2,0.6,0.6,0.2,0.1,-2.7,0.0,2023,0,0,3899644.6827489086,5000000.0
James Johnson,PF,36,0.3,0.4,0.9,0.9,0.6,0.1,0.0,-5.8,0.0,2023,0,1,3895174.311428636,5000000.0
P.J. Tucker,PF,38,0.49,2.7,1.7,0.5,0.5,0.2,0.7,-3.6,-0.2,2023,0,1,3890425.1756879743,5000000.0
Micah Potter,PF,25,0.588,2.7,3.3,0.4,0.3,0.4,0.3,-2.3,0.0,2023,0,1,3878812.5506267073,5000000.0
Mouhamadou Gueye,PF,25,0.289,2.1,2.4,0.5,0.3,1.6,-0.4,-11.9,-0.3,2023,0,1,3878618.565055747,5000000.0
Matthew Hurt,PF,23,0.426,2.0,4.0,0.5,0.4,0.4,0.1,-3.7,-0.1,2023,0,1,3876959.0399710233,5000000.0
Oscar Tshiebwe,PF,24,0.5,2.0,3.3,0.3,0.3,0.1,0.2,2.2,0.0,2023,0,1,3874625.894616008,5000000.0
Boban Marjanović,C,35,0.529,2.3,3.2,0.4,0.1,0.1,0.2,-0.3,0.0,2023,0,0,3872984.6104220203,5000000.0
Dariq Whitehead,SF,19,0.2,2.0,1.5,1.5,0.0,0.5,0.0,-7.9,0.0,2023,1,0,3862680.060979526,5000000.0
Orlando Robinson,C,23,0.556,2.3,2.8,0.9,0.2,0.2,0.9,-1.1,0.1,2023,0,0,3859464.503751657,5000000.0
Jamaree Bouyea,PG,24,0.375,2.1,2.3,1.2,0.1,0.0,-0.3,-12.3,-0.2,2023,0,0,3857671.546025168,5000000.0
Troy Brown Jr.,SF,24,0.476,2.4,4.2,1.0,0.4,0.1,0.8,-2.6,-0.1,2023,1,0,3854056.3142608525,5000000.0
Olivier Sarr,C,24,0.632,2.4,2.3,0.1,0.0,0.5,0.4,-2.6,0.0,2023,0,0,3853673.3608030016,5000000.0
Izaiah Brockington,PG,24,0.4,2.0,4.0,0.0,0.0,0.0,0.0,-17.8,0.0,2023,0,0,3848784.03544588,5000000.0
Mike Muscala,C,32,0.449,2.4,3.0,0.7,0.2,0.2,0.1,-5.3,-0.5,2023,0,0,3846888.2340141195,5000000.0
Patty Mills,PG,35,0.443,1.1,4.0,1.1,0.6,0.0,0.1,-4.6,-0.3,2023,0,0,3846097.4357796134,5000000.0
Ibou Badji,C,21,0.636,2.3,1.5,0.6,0.1,0.9,0.2,-5.8,-0.2,2023,0,0,3835381.9660042776,5000000.0
JT Thor,PF,21,0.514,2.3,3.2,0.5,0.2,0.4,0.6,-4.5,-0.5,2023,0,1,3835381.9660042776,5000000.0
Malachi Flynn,PG,25,0.505,1.7,5.5,1.9,0.6,0.1,0.5,-2.2,0.0,2023,0,0,3817388.8269915907,5000000.0
Skylar Mays,PG-SG,26,0.447,1.1,4.1,2.2,0.6,0.1,0.4,-2.0,0.0,2023,0,0,3812765.2656714097,5000000.0
Jarace Walker,PF,20,0.509,1.9,3.6,1.2,0.5,0.3,0.4,0.2,0.2,2023,0,1,3803841.873786671,5000000.0
Sidy Cissoko,SF,19,0.5,1.8,3.8,0.8,0.6,0.3,0.3,-2.7,0.0,2023,1,0,3802113.7355916277,5000000.0
Quenton Jackson,PG,25,0.0,1.3,0.7,0.7,0.3,0.0,0.0,3.3,0.0,2023,0,0,3801883.526308488,5000000.0
Stanley Umude,SG,24,0.583,2.1,5.3,0.5,0.3,0.3,0.5,-1.6,0.0,2023,0,0,3794178.7127762283,5000000.0
Gui Santos,PF,21,0.6,2.1,3.6,0.6,0.2,0.1,0.7,-0.5,0.1,2023,0,1,3791034.290404364,5000000.0
Davion Mitchell,PG,25,0.54,1.3,5.3,1.9,0.2,0.0,1.3,-3.4,-0.4,2023,0,0,3788233.635251715,5000000.0
Ben Sheppard,SG,22,0.5,1.6,4.4,0.9,0.6,0.0,0.8,-3.4,-0.3,2023,0,0,3784293.894274551,5000000.0
Blake Wesley,SG,20,0.502,1.5,4.4,2.7,0.5,0.1,0.9,-4.0,-0.4,2023,0,0,3762325.32832436,4767000.0
A.J. Green,SG,24,0.599,1.1,4.5,0.5,0.2,0.1,1.1,-2.1,0.0,2023,0,0,3762014.1335493634,5000000.0
Max Christie,SG,20,0.515,2.1,4.2,0.9,0.3,0.3,0.7,-3.6,-0.4,2023,0,0,3760430.734651829,5000000.0
Taze Moore,SG,25,0.447,2.0,4.5,1.3,0.5,0.0,0.0,-3.1,0.0,2023,0,0,3756044.9503890434,5000000.0
T.J. Warren,SF,30,0.463,2.0,3.7,0.8,0.4,0.1,0.2,-4.5,-0.1,2023,1,0,3751986.082778224,5000000.0
MarJon Beauchamp,SF,23,0.578,2.1,4.4,0.6,0.3,0.1,0.7,-3.2,-0.2,2023,1,0,3746534.709118183,5000000.0
Udoka Azubuike,C,24,0.696,2.0,2.2,0.2,0.1,0.4,0.2,-3.2,0.0,2023,0,0,3744492.230575608,5000000.0
Kobe Bufkin,SG,20,0.418,1.9,4.8,1.6,0.4,0.3,-0.1,-4.5,-0.1,2023,0,0,3742855.7113387804,5000000.0
Terquavion Smith,PG,21,0.533,0.3,3.3,0.8,0.5,0.0,0.1,0.8,0.1,2023,0,0,3739990.8258993938,5000000.0
Taj Gibson,PF,38,0.432,1.9,1.7,0.6,0.2,0.4,0.2,-5.3,-0.2,2023,0,1,3735687.631092048,5000000.0
Olivier-Maxence Prosper,PF,21,0.447,2.0,3.0,0.6,0.2,0.1,0.5,-2.9,-0.1,2023,0,1,3730596.205041962,5000000.0
Jaylen Nowell,SG,24,0.474,1.8,6.2,1.5,0.3,0.2,0.1,-5.4,-0.2,2023,0,0,3727759.3722672206,5000000.0
D.J. Wilson,PF,27,0.833,1.0,5.0,1.0,0.0,1.0,0.1,22.4,0.1,2023,0,1,3714175.0429462576,5000000.0
Shaquille Harrison,SG,30,0.5,0.7,0.7,0.0,0.0,0.3,0.0,4.6,0.0,2023,0,0,3714123.138114533,5000000.0
JD Davison,SG,21,0.542,1.3,2.0,1.3,0.1,0.1,0.2,3.3,0.1,2023,0,0,3700279.017412611,5000000.0
Braxton Key,SF,26,0.471,0.9,1.1,0.5,0.1,0.1,0.2,2.1,0.1,2023,1,0,3700279.017412611,5000000.0
Josh Minott,SF,21,0.528,0.5,1.6,0.3,0.2,0.2,0.4,5.1,0.2,2023,1,0,3700279.017412611,5000000.0
Nate Hinton,SG,24,0.558,1.5,2.2,0.7,0.2,0.1,0.3,3.6,0.1,2023,0,0,3700279.017412611,5000000.0
Lindy Waters III,SG,26,0.649,1.1,3.6,0.6,0.1,0.2,0.9,1.9,0.3,2023,0,0,3700279.017412611,5000000.0
Leonard Miller,SF,20,0.7,1.2,1.7,0.5,0.1,0.1,0.3,9.6,0.2,2023,1,0,3700279.017412611,5000000.0
James Bouknight,SG,23,0.598,0.6,3.6,0.4,0.1,0.1,0.1,2.2,0.1,2023,0,0,3700279.017412611,5000000.0
Dylan Windler,SF,27,0.717,0.9,2.5,0.6,0.1,0.0,0.3,0.7,0.1,2023,1,0,3700279.017412611,5000000.0
Mamadi Diakite,PF,27,0.667,0.7,2.0,0.3,0.2,0.2,0.1,3.5,0.0,2023,0,1,3693116.2138361214,5000000.0
Jermaine Samuels,SF,25,0.643,0.9,1.4,0.2,0.1,0.1,0.2,0.8,0.0,2023,1,0,3693116.2138361214,5000000.0
Jay Huff,C,25,0.7,0.6,1.2,0.1,0.1,0.2,0.2,1.3,0.0,2023,0,0,3693116.2138361214,5000000.0
Jordan Ford,PG,25,0.714,0.3,2.0,0.3,0.0,0.0,0.1,2.2,0.0,2023,0,0,3693116.2138361214,5000000.0
Dereon Seabron,SG,23,0.346,1.2,2.3,0.8,0.3,0.2,0.1,-1.5,0.0,2023,0,0,3664379.5460668406,4767000.0
Saben Lee,PG,24,0.382,1.3,3.0,1.3,0.3,0.1,0.4,-1.4,0.0,2023,0,0,3664379.5460668406,4767000.0
Dalen Terry,SG,21,0.494,1.9,3.1,1.4,0.5,0.3,0.8,-2.3,0.0,2023,0,0,3659700.374133068,5000000.0
Trevelin Queen,SG,26,0.408,1.4,2.9,1.3,0.5,0.4,0.2,-3.4,-0.1,2023,0,0,3658822.2274284586,4767000.0
Danny Green,SG,36,0.0,1.0,0.0,0.5,0.5,0.0,0.0,-6.6,0.0,2023,0,0,3652037.1006395775,4716750.0
Trent Forrest,SG,25,0.389,1.3,2.2,2.4,0.3,0.1,0.2,-4.4,-0.3,2023,0,0,3649546.7864085305,4716750.0
Nick Smith Jr.,SG,19,0.5,1.4,5.9,1.2,0.2,0.1,-0.5,-5.9,-0.7,2023,0,0,3648263.0846286556,5000000.0
Otto Porter Jr.,SF,30,0.545,1.9,2.6,0.5,0.3,0.3,0.3,-3.2,-0.1,2023,1,0,3645211.2035505595,5000000.0
Alex Fudge,SF,20,0.433,0.8,2.5,0.0,0.5,0.0,0.0,-5.2,0.0,2023,1,0,3644926.2018948128,4716750.0
Kenneth Lofton Jr.,PF,21,0.506,1.8,4.6,1.6,0.3,0.2,0.3,-0.3,0.1,2023,0,1,3642991.392346453,5000000.0
Adam Flagler,SG,24,0.214,0.0,1.5,2.0,0.0,0.0,0.0,-10.6,0.0,2023,0,0,3642495.792911598,4700000.0
Damian Jones,C,28,0.618,1.6,2.7,0.4,0.2,0.3,0.8,-0.5,0.1,2023,0,0,3637505.0449272417,5000000.0
Justin Minaya,SF,24,0.378,1.6,1.8,0.6,0.3,0.3,0.1,-5.6,-0.3,2023,1,0,3634971.440545318,4767000.0
Anthony Gill,PF,31,0.5,1.9,3.8,0.7,0.3,0.2,0.4,-4.1,-0.3,2023,0,1,3631315.1780169136,4767000.0
Jared Rhoden,SG,24,0.591,1.9,4.9,0.8,0.2,0.8,0.3,-2.5,0.0,2023,0,0,3631049.3113088626,4825250.0
Jalen McDaniels,SF,26,0.376,1.6,3.4,0.7,0.4,0.1,-0.8,-9.0,-1.0,2023,1,0,3628303.4005062366,4716750.0
Ish Wainright,SF,29,0.438,1.3,2.1,0.1,0.4,0.1,0.0,-2.4,0.0,2023,1,0,3626604.2711442923,4700000.0
E.J. Liddell,PF,23,0.167,0.6,0.5,0.1,0.3,0.3,0.0,-4.7,0.0,2023,0,1,3626161.412438609,4767000.0
Jeremiah Robinson-Earl,PF,23,0.542,1.9,2.9,0.5,0.3,0.1,0.6,-2.2,0.0,2023,0,1,3624204.2792721484,4767000.0
Devonte' Graham,PG,28,0.468,1.6,5.0,2.1,0.4,0.1,0.1,-3.9,-0.1,2023,0,0,3623618.823105547,4700000.0
Chris Duarte,SF,26,0.486,1.8,3.9,0.7,0.5,0.1,0.7,-3.4,-0.2,2023,1,0,3620740.908258744,4767000.0
Théo Maledon,PG,22,0.321,1.4,3.5,1.6,0.4,0.0,-0.5,-10.3,-0.5,2023,0,0,3619493.3723995276,4700000.0
Usman Garuba,PF,21,0.167,1.2,0.5,0.2,0.2,0.5,0.0,-10.9,0.0,2023,0,1,3619110.4189416766,4716750.0
Charlie Brown Jr.,SG,26,0.3,0.3,0.8,0.0,0.0,0.3,-0.1,-13.6,-0.1,2023,0,0,3619110.4189416766,4716750.0
Joshua Primo,SG,21,0.333,0.5,1.0,0.0,0.0,0.5,-0.1,-25.0,-0.1,2023,0,0,3619110.4189416766,4716750.0
Lester Quinones,SG,23,0.511,1.9,4.4,1.0,0.2,0.1,0.6,-3.3,-0.1,2023,0,0,3617153.2857752163,4767000.0
Xavier Moon,SG,29,0.348,1.3,2.4,1.5,0.2,0.2,-0.1,-6.1,-0.1,2023,0,0,3612325.2921527955,4700000.0
Juan Toscano-Anderson,SF,30,0.292,1.3,0.6,0.4,0.1,0.1,0.0,-9.4,-0.1,2023,1,0,3612325.2921527955,4700000.0
Ryan Arcidiacono,PG,29,0.0,0.4,0.0,0.2,0.1,0.0,-0.1,-9.6,-0.1,2023,0,0,3612325.2921527955,4700000.0
Robin Lopez,C,35,0.421,0.3,1.1,0.3,0.1,0.2,0.0,-6.1,-0.1,2023,0,0,3612325.2921527955,4700000.0
Isaiah Thomas,PG,34,0.4,0.0,1.3,0.5,0.0,0.0,0.0,-6.9,0.0,2023,0,0,3612325.2921527955,4700000.0
Kira Lewis Jr.,PG,22,0.391,0.9,3.2,1.3,0.3,0.1,0.0,-5.8,-0.3,2023,0,0,3612265.3869049624,4700000.0
D.J. Carton,SG,23,0.438,1.0,2.8,0.8,0.3,0.0,0.0,-5.3,0.0,2023,0,0,3612265.3869049624,4700000.0
Amari Bailey,PG,19,0.354,0.9,2.3,0.7,0.3,0.0,-0.1,-8.3,-0.1,2023,0,0,3612265.3869049624,4700000.0
TyTy Washington Jr.,PG,22,0.35,0.5,1.3,0.5,0.3,0.0,-0.1,-8.2,-0.1,2023,0,0,3612265.3869049624,4700000.0
Henri Drell,SF,23,0.5,1.0,2.8,1.0,0.5,0.3,0.0,-4.9,0.0,2023,1,0,3609745.3517794367,4716750.0
Garrett Temple,SG,37,0.449,1.7,3.3,1.0,0.4,0.1,0.2,-4.7,-0.2,2023,0,0,3605779.7018026686,4716750.0
Danuel House Jr.,SF,30,0.519,1.7,4.2,0.8,0.4,0.1,0.7,-4.0,-0.3,2023,1,0,3605779.7018026686,4716750.0
Leaky Black,SF,24,0.567,1.8,2.7,0.9,0.3,0.4,0.5,-2.4,0.0,2023,1,0,3605336.8430969855,4767000.0
Isaiah Wong,SG,23,0.333,0.0,2.0,0.0,0.0,0.0,0.0,-19.0,0.0,2023,0,0,3605214.3934080307,4700000.0
Andrew Funk,SG,24,0.0,0.0,0.0,0.0,0.2,0.2,-0.1,-14.4,0.0,2023,0,0,3605214.3934080307,4700000.0
Emoni Bates,SF,20,0.408,0.9,2.7,0.7,0.1,0.1,-0.3,-9.2,-0.2,2023,1,0,3605214.3934080307,4700000.0
D'Moi Hodge,SG,25,0.433,0.0,2.0,0.7,0.1,0.1,0.0,-6.3,0.0,2023,0,0,3605214.3934080307,4700000.0
Colby Jones,SG,21,0.408,1.3,2.1,0.7,0.2,0.2,0.0,-5.0,-0.1,2023,0,0,3605214.3934080307,4700000.0
Pete Nance,PF,23,0.25,0.4,0.4,0.0,0.1,0.0,-0.1,-15.2,-0.1,2023,0,1,3605214.3934080307,4700000.0
Frank Ntilikina,PG,25,0.167,1.2,1.0,0.8,0.0,0.0,-0.1,-13.4,-0.1,2023,0,0,3605214.3934080307,4700000.0
Mason Jones,SG,25,0.375,1.0,1.4,1.0,0.2,0.0,0.0,-5.5,0.0,2023,0,0,3605214.3934080307,4700000.0
Seth Lundy,SF,23,0.324,0.8,1.6,0.0,0.0,0.0,-0.1,-12.7,-0.1,2023,1,0,3605214.3934080307,4700000.0
Jalen Crutcher,PG,24,0.0,0.0,0.0,0.0,0.0,0.0,0.0,-26.2,0.0,2023,0,0,3605214.3934080307,4700000.0
DaQuan Jeffries,SG,26,0.412,0.3,0.8,0.3,0.0,0.1,-0.1,-8.1,-0.1,2023,0,0,3605214.3934080307,4700000.0
Lindell Wigginton,PG,25,0.4,0.0,2.0,0.0,0.0,0.0,0.0,-23.9,0.0,2023,0,0,3605214.3934080307,4700000.0
Alondes Williams,SG,24,0.25,0.1,0.7,0.0,0.0,0.1,-0.1,-23.2,-0.1,2023,0,0,3605214.3934080307,4700000.0
Brandon Williams,PG,24,0.398,0.8,3.2,1.0,0.1,0.1,-0.1,-5.5,-0.1,2023,0,0,3605214.3934080307,4700000.0
AJ Griffin,SF,20,0.371,0.9,2.4,0.3,0.1,0.1,-0.4,-9.6,-0.3,2023,1,0,3605214.3934080307,4700000.0
Keyontae Johnson,SF,23,0.344,1.1,1.2,0.4,0.1,0.0,-0.1,-9.8,-0.1,2023,1,0,3605214.3934080307,4700000.0
R.J. Hampton,PG,22,0.321,0.8,1.3,1.0,0.0,0.0,-0.1,-9.5,-0.1,2023,0,0,3605214.3934080307,4700000.0
Jalen Hood-Schifino,SG,20,0.244,0.6,1.6,0.4,0.1,0.1,-0.5,-16.1,-0.4,2023,0,0,3605214.3934080307,4700000.0
Maxwell Lewis,SF,21,0.214,0.1,0.3,0.2,0.1,0.0,-0.4,-13.5,-0.3,2023,1,0,3605214.3934080307,4700000.0
Dmytro Skapintsev,C,25,0.0,0.0,0.0,0.0,0.0,0.0,0.0,-25.9,0.0,2023,0,0,3605214.3934080307,4700000.0
Jerome Robinson,SG,26,0.364,0.3,1.4,0.2,0.0,0.1,-0.1,-8.3,-0.1,2023,0,0,3605214.3934080307,4700000.0
Kaiser Gates,SF,27,0.0,1.0,0.0,0.0,0.0,0.0,-0.1,-28.8,-0.1,2023,1,0,3605214.3934080307,4700000.0
Seth Curry,SG,33,0.485,1.5,5.1,1.0,0.5,0.1,0.5,-3.3,-0.2,2023,0,0,3602960.2249905546,4700000.0
Jevon Carter,PG,28,0.484,0.8,5.0,1.3,0.5,0.2,0.2,-4.0,-0.5,2023,0,0,3602960.2249905546,4700000.0
Bryce McGowens,SG,21,0.513,1.7,5.1,0.9,0.4,0.2,0.6,-4.9,-0.6,2023,0,0,3598668.803057904,4716750.0
Reggie Bullock,SF,32,0.579,1.7,2.2,0.3,0.3,0.1,0.6,-2.4,0.0,2023,1,0,3598551.7163081034,4716750.0
Collin Gillespie,PG,24,0.572,0.9,3.6,1.1,0.5,0.0,0.4,-2.7,0.0,2023,0,0,3595849.32624579,4700000.0
Jacob Toppin,SF,23,0.611,0.8,1.4,0.3,0.0,0.1,0.1,-0.7,0.0,2023,1,0,3595141.693400185,4716750.0
Wesley Matthews,SG,37,0.474,1.5,3.1,0.6,0.4,0.3,0.4,-2.8,-0.1,2023,0,0,3591423.4210289163,4700000.0
Daishen Nix,PG,21,0.5,0.2,1.8,0.4,0.3,0.0,0.0,-1.4,0.0,2023,0,0,3587997.143676876,4700000.0
Doug McDermott,SF,32,0.599,0.9,5.5,1.1,0.3,0.0,0.9,-3.4,-0.3,2023,1,0,3587312.7888114993,4700000.0
Yuta Watanabe,SF,29,0.461,1.6,3.4,0.4,0.4,0.2,-0.1,-6.4,-0.5,2023,1,0,3586337.423601979,4700000.0
Brandon Boston Jr.,SF,22,0.447,1.6,5.2,0.4,0.3,0.3,-0.3,-9.0,-0.6,2023,1,0,3585894.564896296,4716750.0
Chuma Okeke,SF,25,0.46,1.7,2.3,0.4,0.2,0.1,0.3,-3.4,-0.2,2023,1,0,3584389.824066406,4700000.0
Armoni Brooks,PG,25,0.446,1.8,4.2,0.5,0.1,0.1,0.0,-5.8,-0.1,2023,0,0,3584389.824066406,4700000.0
Nassir Little,SF,23,0.544,1.7,3.4,0.5,0.2,0.2,0.7,-3.0,-0.1,2023,1,0,3584389.824066406,4700000.0
Kessler Edwards,SF,23,0.537,0.8,1.7,0.3,0.2,0.1,0.5,-1.5,0.0,2023,1,0,3580946.1501799435,4700000.0
Jeenathan Williams,SG,24,0.56,1.0,2.9,0.3,0.2,0.0,0.3,-1.6,0.0,2023,0,0,3580946.1501799435,4700000.0
Shake Milton,SG,27,0.451,1.6,4.5,1.3,0.4,0.1,0.6,-3.7,-0.3,2023,0,0,3579226.524857214,4700000.0
Matt Ryan,SF,26,0.615,1.4,5.4,0.6,0.2,0.0,0.5,-2.7,-0.1,2023,1,0,3573150.8965698024,4700000.0
Furkan Korkmaz,SG,26,0.487,0.9,2.5,0.7,0.4,0.1,0.4,-2.7,-0.1,2023,0,0,3570416.496750505,4700000.0
Johnny Davis,SG,21,0.448,1.4,3.0,0.6,0.4,0.2,-0.1,-6.6,-0.7,2023,0,0,3570416.496750505,4700000.0
Jamal Cain,PF,24,0.5,1.4,3.7,0.4,0.4,0.2,0.5,-2.3,0.0,2023,0,1,3570416.496750505,4700000.0
Greg Brown III,PF,22,0.5,1.5,2.5,0.7,0.0,0.7,0.0,-4.4,0.0,2023,0,1,3570033.543292654,4700000.0
Markieff Morris,PF,34,0.449,1.5,2.5,0.6,0.2,0.1,-0.1,-5.3,-0.2,2023,0,1,3563248.416503772,4700000.0
Thanasis Antetokounmpo,PF,31,0.533,0.4,0.9,0.5,0.2,0.1,0.0,-6.4,-0.2,2023,0,1,3563248.416503772,4700000.0
Cory Joseph,PG,32,0.461,1.2,2.4,1.6,0.2,0.1,0.2,-4.7,-0.2,2023,0,0,3563248.416503772,4700000.0
Joe Harris,SG,32,0.487,0.8,2.4,0.6,0.2,0.1,0.0,-5.9,-0.2,2023,0,0,3563248.416503772,4700000.0
Svi Mykhailiuk,SF,26,0.569,1.2,4.0,0.9,0.3,0.0,0.9,-1.8,0.0,2023,1,0,3563188.51125594,4700000.0
Kobe Brown,PF,24,0.489,1.4,2.0,0.6,0.3,0.1,0.5,-3.8,-0.2,2023,0,1,3563188.51125594,4700000.0
Julian Strawther,SF,21,0.462,1.2,4.5,0.9,0.3,0.1,0.2,-6.0,-0.6,2023,1,0,3563188.51125594,4700000.0
Pat Spencer,PG,27,0.5,0.7,0.7,0.8,0.0,0.0,0.0,-6.4,0.0,2023,0,0,3556137.5177590074,4700000.0
Jalen Slawson,SF,24,0.667,0.6,0.7,0.2,0.1,0.1,0.0,-6.4,0.0,2023,1,0,3556137.5177590074,4700000.0
Colin Castleton,C,23,0.563,0.8,1.5,0.2,0.1,0.0,0.2,-5.2,0.0,2023,0,0,3556137.5177590074,4700000.0
Luka Garza,C,25,0.54,1.2,4.0,0.2,0.2,0.0,0.4,-2.1,0.0,2023,0,0,3556137.5177590074,4700000.0
Chris Livingston,SF,20,0.523,1.0,1.2,0.2,0.1,0.0,0.1,-8.0,-0.1,2023,1,0,3556137.5177590074,4700000.0
Jules Bernard,SG,24,0.539,1.4,3.9,0.8,0.2,0.1,0.1,-3.0,0.0,2023,0,0,3556137.5177590074,4700000.0
A.J. Lawson,SG,23,0.5,1.2,3.2,0.5,0.2,0.1,0.2,-4.6,-0.2,2023,0,0,3556137.5177590074,4700000.0
Julian Phillips,SF,20,0.494,0.9,2.2,0.3,0.2,0.2,0.2,-5.3,-0.3,2023,1,0,3556137.5177590074,4700000.0
Ty Jerome,SG,26,0.5,0.5,2.0,1.5,0.0,0.0,0.0,-4.9,0.0,2023,0,0,3556137.5177590074,4700000.0
Filip Petrušev,C,23,0.5,0.3,1.0,0.0,0.0,0.0,0.0,-8.0,0.0,2023,0,0,3556137.5177590074,4700000.0
Jalen Pickett,SG,24,0.557,0.5,1.6,0.8,0.1,0.0,0.2,-3.3,0.0,2023,0,0,3556137.5177590074,4700000.0
Ousmane Dieng,PF,20,0.513,1.5,4.0,1.1,0.2,0.2,0.4,-3.0,-0.1,2023,0,1,3556137.5177590074,4700000.0
Kevon Harris,SG,26,0.667,1.0,2.0,0.5,0.0,0.0,0.0,-15.8,0.0,2023,0,0,3556137.5177590074,4700000.0
Admiral Schofield,PF,26,0.5,0.7,1.1,0.3,0.0,0.0,0.0,-4.9,-0.1,2023,0,1,3556137.5177590074,4700000.0
Onuralp Bitim,SG,24,0.452,1.4,3.5,0.6,0.1,0.1,-0.1,-7.4,-0.4,2023,0,0,3556137.5177590074,4700000.0
Jett Howard,SF,20,0.45,0.4,1.6,0.3,0.1,0.1,0.0,-1.8,0.0,2023,1,0,3556137.5177590074,4700000.0
Jordan Miller,SF,24,0.611,0.6,1.6,0.0,0.0,0.0,0.1,-3.8,0.0,2023,1,0,3556137.5177590074,4700000.0
Buddy Boeheim,SF,24,0.448,1.0,3.4,0.3,0.0,0.1,0.1,-3.5,0.0,2023,1,0,3556137.5177590074,4700000.0
Cole Swider,SF,24,0.526,0.4,2.3,0.3,0.1,0.1,-0.1,-4.5,-0.1,2023,1,0,3556137.5177590074,4700000.0
Harry Giles,C,25,0.49,1.3,2.4,0.3,0.1,0.1,0.1,-4.8,-0.1,2023,0,0,3556137.5177590074,4700000.0
Terry Taylor,PF,24,0.538,1.2,1.5,0.3,0.2,0.1,0.3,-3.2,0.0,2023,0,1,3556137.5177590074,4700000.0
Isaiah Mobley,PF,24,0.479,1.0,2.3,0.6,0.2,0.0,0.0,-6.6,-0.1,2023,0,1,3556137.5177590074,4700000.0
Hunter Tyson,PF,23,0.5,0.5,1.1,0.1,0.1,0.0,0.0,-8.9,-0.1,2023,0,1,3556137.5177590074,4700000.0
Kendall Brown,SG,20,0.533,0.3,1.4,0.3,0.0,0.0,0.1,-6.8,-0.1,2023,0,0,3556137.5177590074,4700000.0
Wendell Moore Jr.,SG,22,0.5,0.5,0.7,0.2,0.2,0.0,0.1,-2.8,0.0,2023,0,0,3556137.5177590074,4700000.0
