index,Name,FA_Year,Contract,Age_x,eFG,PPG,APG,RPG,SPG,BPG,MPG,is_AllStar,is_AllNBA,ID,Pos,OWS,DWS,WS,WS/48,OBPM,DBPM,BPM,VORP,Season
0,Wesley Matthews,2019,2564753.0,32.0,0.5071633237822349,12.173913043478262,2.318840579710145,2.463768115942029,0.782608695652174,0.2463768115942029,30.304347826086957,0.0,0.0,202083.0,SF-SG,1.1,1.5,2.7,0.062,-1.4,-0.5,-1.8,0.1,2018-19
87,Wesley Matthews,2015,17699435.25,28.0,0.5631648936170213,15.933333333333334,2.316666666666667,3.7,1.2833333333333334,0.16666666666666666,33.733333333333334,0.0,0.0,202083.0,SG,4.0,2.2,6.2,0.147,2.0,1.1,3.1,2.6,2014-15
1,Brook Lopez,2015,21165675.0,27.0,0.5131712259371833,17.166666666666668,0.6944444444444444,7.430555555555555,0.5972222222222222,1.75,29.166666666666668,0.0,0.0,201572.0,C,4.7,2.2,7.0,0.159,1.8,-0.7,1.2,1.6,2014-15
109,DeAndre Jordan,2015,21598556.25,26.0,0.7106741573033708,11.536585365853659,0.7439024390243902,14.951219512195122,0.9878048780487805,2.231707317073171,34.390243902439025,0.0,1.0,201599.0,C,7.4,5.4,12.8,0.217,2.2,0.7,2.9,3.5,2014-15
3,Markieff Morris,2015,8143323.5,25.0,0.4913636363636364,15.341463414634147,2.341463414634146,6.170731707317073,1.2317073170731707,0.47560975609756095,31.475609756097562,0.0,0.0,202693.0,PF,1.8,2.7,4.6,0.085,-0.5,0.2,-0.3,1.1,2014-15
4,Dwight Howard,2018,13410739.0,32.0,0.5559824368825467,16.62962962962963,1.2962962962962963,12.493827160493828,0.5925925925925926,1.617283950617284,30.40740740740741,0.0,0.0,2730.0,C,2.9,3.9,6.8,0.132,-0.3,0.1,-0.1,1.2,2017-18
47,Dwight Howard,2016,23752241.666666668,30.0,0.62,13.746478873239436,1.380281690140845,11.76056338028169,0.971830985915493,1.591549295774648,32.11267605633803,0.0,0.0,2730.0,C,3.5,3.1,6.6,0.138,0.3,-0.2,0.1,1.2,2015-16
5,Austin Rivers,2015,7055398.0,22.0,0.4485887096774194,6.973684210526316,2.039473684210526,2.0,0.631578947368421,0.18421052631578946,20.56578947368421,0.0,0.0,203085.0,SG,0.5,1.0,1.5,0.046,-2.5,-0.3,-2.8,-0.3,2014-15
5,Austin Rivers,2015,7055398.0,22.0,0.4485887096774194,6.973684210526316,2.039473684210526,2.0,0.631578947368421,0.18421052631578946,20.56578947368421,0.0,0.0,203085.0,SG,0.4,0.3,0.7,0.046,-2.5,-0.5,-3.0,-0.2,2014-15
5,Austin Rivers,2015,7055398.0,22.0,0.4485887096774194,6.973684210526316,2.039473684210526,2.0,0.631578947368421,0.18421052631578946,20.56578947368421,0.0,0.0,203085.0,SG,0.1,0.7,0.8,0.046,-2.5,-0.1,-2.7,-0.1,2014-15
22,Austin Rivers,2019,2174310.0,26.0,0.4965034965034965,8.131578947368421,2.1973684210526314,2.1315789473684212,0.618421052631579,0.3026315789473684,26.68421052631579,0.0,0.0,203085.0,SG,0.4,0.8,1.2,0.028,-3.3,-1.0,-4.3,-1.1,2018-19
56,Austin Rivers,2016,11993441.333333334,23.0,0.49806201550387597,8.850746268656716,1.4776119402985075,1.9402985074626866,0.7164179104477612,0.13432835820895522,21.850746268656717,0.0,0.0,203085.0,SG,0.6,1.3,1.9,0.063,-2.2,-0.5,-2.7,-0.2,2015-16
6,Wayne Ellington,2016,6135000.0,28.0,0.4741532976827095,7.7105263157894735,1.0921052631578947,2.289473684210526,0.631578947368421,0.06578947368421052,21.25,0.0,0.0,201961.0,SG,0.5,0.3,0.8,0.025,-1.5,-1.3,-2.8,-0.3,2015-16
161,Wayne Ellington,2015,3750000.0,27.0,0.4846029173419773,10.0,1.6153846153846154,3.230769230769231,0.5076923076923077,0.03076923076923077,25.76923076923077,0.0,0.0,201961.0,SG,1.1,0.1,1.2,0.034,-0.5,-1.8,-2.3,-0.1,2014-15
7,JaMychal Green,2019,4767000.0,29.0,0.5577731092436975,9.4,0.7692307692307693,6.292307692307692,0.6923076923076923,0.5230769230769231,21.092307692307692,0.0,0.0,203210.0,PF,0.9,1.9,2.9,0.101,-1.3,-0.4,-1.7,0.1,2018-19
28,JaMychal Green,2017,8300000.0,27.0,0.555,8.948051948051948,1.0909090909090908,7.064935064935065,0.6103896103896104,0.44155844155844154,27.285714285714285,0.0,0.0,203210.0,PF,3.2,2.6,5.8,0.132,-0.9,0.2,-0.8,0.6,2016-17
8,Kyle O'Quinn,2015,4051312.5,25.0,0.5165289256198347,5.764705882352941,1.1568627450980393,3.9019607843137254,0.6078431372549019,0.7647058823529411,16.15686274509804,0.0,0.0,203124.0,PF,0.5,1.1,1.6,0.091,-1.7,1.5,-0.3,0.4,2014-15
11,Langston Galloway,2017,7000000.0,25.0,0.48990825688073397,7.905405405405405,1.2567567567567568,2.108108108108108,0.6216216216216216,0.08108108108108109,20.18918918918919,0.0,0.0,204038.0,PG,0.2,1.1,1.3,0.04,-1.5,-0.7,-2.3,-0.1,2016-17
80,Langston Galloway,2016,5933333.5,24.0,0.4583333333333333,7.621951219512195,2.524390243902439,3.5121951219512195,0.9390243902439024,0.2682926829268293,24.79268292682927,0.0,0.0,204038.0,PG,1.4,1.8,3.3,0.077,-1.7,0.7,-1.0,0.5,2015-16
12,Solomon Hill,2016,12500000.0,25.0,0.5048076923076923,4.169491525423729,0.9661016949152542,2.8135593220338984,0.6271186440677966,0.1864406779661017,14.677966101694915,0.0,0.0,203524.0,SF,0.8,1.3,2.1,0.117,-1.1,1.2,0.1,0.5,2015-16
13,Glenn Robinson III,2015,1224935.0,21.0,0.4253731343283582,2.085714285714286,0.3142857142857143,1.1142857142857143,0.17142857142857143,0.02857142857142857,7.457142857142857,0.0,0.0,203922.0,SG-SF,0.0,0.1,0.1,0.012,-3.0,-2.3,-5.4,-0.2,2014-15
13,Glenn Robinson III,2015,1224935.0,21.0,0.4253731343283582,2.085714285714286,0.3142857142857143,1.1142857142857143,0.17142857142857143,0.02857142857142857,7.457142857142857,0.0,0.0,203922.0,SG,0.0,0.0,0.0,0.009,-3.2,-2.2,-5.4,-0.1,2014-15
13,Glenn Robinson III,2015,1224935.0,21.0,0.4253731343283582,2.085714285714286,0.3142857142857143,1.1142857142857143,0.17142857142857143,0.02857142857142857,7.457142857142857,0.0,0.0,203922.0,SF,0.0,0.1,0.0,0.013,-2.9,-2.4,-5.4,-0.1,2014-15
14,Kyle Korver,2017,5708251.0,36.0,0.6213592233009708,10.119402985074627,1.6417910447761195,2.7761194029850746,0.5074626865671642,0.31343283582089554,26.16417910447761,0.0,0.0,2594.0,SG,2.3,1.3,3.7,0.1,0.5,-0.5,0.0,0.9,2016-17
171,Jared Dudley,2016,10000000.0,30.0,0.5811088295687885,7.8765432098765435,2.111111111111111,3.5308641975308643,0.9259259259259259,0.2222222222222222,25.901234567901234,0.0,0.0,201162.0,PF,2.6,2.0,4.6,0.105,-0.8,0.7,-0.1,1.0,2015-16
16,Pat Connaughton,2018,1682025.0,25.0,0.517948717948718,5.378048780487805,1.1097560975609757,1.9634146341463414,0.2804878048780488,0.2682926829268293,18.146341463414632,0.0,0.0,1626192.0,SG,1.2,1.3,2.5,0.08,-1.7,-0.1,-1.8,0.1,2017-18
17,Kyle Lowry,2017,31633333.33333333,31.0,0.5691721132897604,22.4,6.95,4.766666666666667,1.4666666666666666,0.31666666666666665,37.4,1.0,0.0,200768.0,PG,7.8,2.3,10.1,0.216,5.8,0.4,6.1,4.6,2016-17
18,Alec Burks,2015,10375000.0,23.0,0.44666666666666666,13.851851851851851,3.037037037037037,4.222222222222222,0.6296296296296297,0.18518518518518517,33.2962962962963,0.0,0.0,202692.0,SG,1.1,0.6,1.7,0.089,-0.5,-1.2,-1.7,0.1,2014-15
19,Thabo Sefolosha,2017,5250000.0,33.0,0.49240506329113926,7.161290322580645,1.7258064516129032,4.354838709677419,1.5483870967741935,0.5,25.741935483870968,0.0,0.0,200757.0,SF,0.6,2.7,3.3,0.098,-2.1,2.5,0.4,1.0,2016-17
21,Nicolas Batum,2016,23217391.5,27.0,0.5057273768613975,14.942857142857143,5.757142857142857,6.114285714285714,0.9285714285714286,0.6142857142857143,34.97142857142857,0.0,0.0,201587.0,SF,2.0,2.9,5.0,0.097,1.1,0.1,1.2,2.0,2015-16
23,Julius Randle,2018,13320500.0,23.0,0.5630530973451328,16.134146341463413,2.5609756097560976,7.975609756097561,0.524390243902439,0.5487804878048781,26.70731707317073,0.0,0.0,203944.0,C,4.0,2.6,6.6,0.145,0.6,0.0,0.6,1.4,2017-18
24,Garrett Temple,2016,8000000.0,30.0,0.4861386138613861,7.275,1.75,2.65,0.8625,0.225,24.3875,0.0,0.0,202066.0,SF,1.0,1.7,2.7,0.066,-2.5,0.4,-2.1,0.0,2015-16
25,Montrezl Harrell,2018,6000000.0,24.0,0.6359489051094891,11.0,0.9736842105263158,4.026315789473684,0.47368421052631576,0.6842105263157895,17.013157894736842,0.0,0.0,1626149.0,C,4.3,1.3,5.5,0.205,3.1,0.2,3.3,1.7,2017-18
26,Kentavious Caldwell-Pope,2019,8139282.0,26.0,0.5297619047619048,11.439024390243903,1.3414634146341464,2.902439024390244,0.8902439024390244,0.15853658536585366,24.817073170731707,0.0,0.0,203484.0,SG,2.3,1.8,4.0,0.095,-0.3,-0.1,-0.5,0.8,2018-19
27,Patrick McCaw,2018,2482052.0,22.0,0.45111111111111113,4.017543859649122,1.4210526315789473,1.4385964912280702,0.7543859649122807,0.17543859649122806,16.859649122807017,0.0,0.0,1627775.0,SG,-0.3,0.8,0.6,0.029,-4.3,0.1,-4.1,-0.5,2017-18
95,E'Twaun Moore,2016,8680000.0,27.0,0.5411311053984575,7.508474576271187,1.6779661016949152,2.2542372881355934,0.6271186440677966,0.3050847457627119,21.406779661016948,0.0,0.0,202734.0,SG,0.9,1.0,1.8,0.07,-1.9,0.0,-1.9,0.0,2015-16
51,Al Horford,2016,27800803.75,30.0,0.5467557251908397,15.231707317073171,3.207317073170732,7.2682926829268295,0.8292682926829268,1.475609756097561,32.08536585365854,1.0,0.0,201143.0,C,4.9,4.5,9.4,0.172,2.2,1.6,3.8,3.9,2015-16
32,Kawhi Leonard,2015,21754050.8,24.0,0.5200729927007299,16.515625,2.515625,7.203125,2.3125,0.75,31.765625,0.0,0.0,202695.0,SF,4.2,4.4,8.6,0.204,2.8,3.1,5.9,4.1,2014-15
73,Kevin Love,2015,23311776.0,26.0,0.509453781512605,16.373333333333335,2.24,9.746666666666666,0.68,0.52,33.76,0.0,0.0,201567.0,PF,5.8,2.9,8.7,0.165,3.2,-0.4,2.7,3.0,2014-15
145,Tyson Chandler,2015,13000000.0,32.0,0.6659090909090909,10.28,1.12,11.52,0.56,1.2133333333333334,30.48,0.0,0.0,2199.0,C,7.2,3.1,10.3,0.216,2.4,0.2,2.6,2.7,2014-15
38,Matthew Dellavedova,2016,9607500.0,25.0,0.5009784735812133,7.4868421052631575,4.434210526315789,2.1315789473684212,0.5789473684210527,0.11842105263157894,24.56578947368421,0.0,0.0,203521.0,PG,2.2,1.6,3.8,0.098,-0.7,-0.5,-1.2,0.4,2015-16
136,Avery Bradley,2019,4767000.0,28.0,0.4786184210526316,9.920634920634921,2.4126984126984126,2.7777777777777777,0.6507936507936508,0.25396825396825395,30.238095238095237,0.0,0.0,202340.0,SG,-0.6,1.0,0.3,0.009,-2.8,-0.9,-3.7,-0.8,2018-19
167,Avery Bradley,2018,8383500.0,27.0,0.4744,14.26086956521739,2.0434782608695654,2.5217391304347827,1.108695652173913,0.17391304347826086,31.152173913043477,0.0,0.0,202340.0,SG,-1.4,1.2,-0.2,-0.007,-3.0,-1.0,-4.0,-0.7,2017-18
40,Will Barton,2015,3533333.0,24.0,0.45750708215297453,6.844827586206897,1.396551724137931,2.793103448275862,0.8275862068965517,0.3275862068965517,16.96551724137931,0.0,0.0,203115.0,SG,0.2,1.1,1.3,0.063,-1.2,1.1,-0.2,0.4,2014-15
40,Will Barton,2015,3533333.0,24.0,0.45750708215297453,6.844827586206897,1.396551724137931,2.793103448275862,0.8275862068965517,0.3275862068965517,16.96551724137931,0.0,0.0,203115.0,SG,-0.4,0.4,0.0,0.002,-4.7,1.4,-3.3,-0.1,2014-15
40,Will Barton,2015,3533333.0,24.0,0.45750708215297453,6.844827586206897,1.396551724137931,2.793103448275862,0.8275862068965517,0.3275862068965517,16.96551724137931,0.0,0.0,203115.0,SG,0.6,0.7,1.3,0.089,0.3,0.9,1.2,0.5,2014-15
41,Cory Joseph,2015,7472500.0,23.0,0.5231143552311436,6.772151898734177,2.3797468354430378,2.430379746835443,0.5822784810126582,0.21518987341772153,18.27848101265823,0.0,0.0,202709.0,PG,2.7,1.8,4.5,0.149,0.2,1.3,1.4,1.2,2014-15
44,Quinn Cook,2017,867391.5,24.0,0.5833333333333334,5.642857142857143,1.8571428571428572,0.5,0.2857142857142857,0.0,13.357142857142858,0.0,0.0,1626188.0,PG,0.1,0.1,0.2,0.047,-1.6,-1.5,-3.1,-0.1,2016-17
135,Quinn Cook,2019,3000000.0,26.0,0.5569476082004556,6.878378378378378,1.5675675675675675,2.1216216216216215,0.2702702702702703,0.04054054054054054,14.31081081081081,0.0,0.0,1626188.0,PG,1.0,0.8,1.8,0.082,-0.5,-1.6,-2.1,0.0,2018-19
144,Quinn Cook,2017,867391.5,24.0,0.5833333333333334,5.642857142857143,1.8571428571428572,0.5,0.2857142857142857,0.0,13.357142857142858,0.0,0.0,1626188.0,PG,0.1,0.1,0.2,0.047,-1.6,-1.5,-3.1,-0.1,2016-17
45,Rudy Gay,2017,9246600.0,30.0,0.502262443438914,18.733333333333334,2.7666666666666666,6.333333333333333,1.4666666666666666,0.8666666666666667,33.766666666666666,0.0,0.0,200752.0,SF,0.8,1.0,1.8,0.087,1.4,0.5,1.9,1.0,2016-17
137,Rudy Gay,2015,11380811.333333334,28.0,0.4905913978494624,21.058823529411764,3.676470588235294,5.867647058823529,1.0441176470588236,0.6029411764705882,35.411764705882355,0.0,0.0,200752.0,SF,4.8,1.3,6.1,0.122,3.4,-0.7,2.7,2.9,2014-15
46,Kent Bazemore,2016,17500000.0,26.0,0.516551724137931,11.626666666666667,2.28,5.053333333333334,1.3066666666666666,0.5066666666666667,27.773333333333333,0.0,0.0,203145.0,SF,0.3,3.8,4.1,0.094,-1.2,1.5,0.3,1.2,2015-16
48,Paul Millsap,2017,30116666.666666668,32.0,0.4809670781893004,18.057971014492754,3.652173913043478,7.72463768115942,1.3043478260869565,0.8985507246376812,33.95652173913044,1.0,0.0,200794.0,PF,2.6,3.8,6.4,0.132,0.8,1.3,2.1,2.4,2016-17
96,Paul Millsap,2015,23170974.33333333,30.0,0.5177419354838709,16.684931506849313,3.0547945205479454,7.808219178082192,1.7808219178082192,0.9452054794520548,32.73972602739726,1.0,0.0,200794.0,PF,4.0,4.3,8.3,0.166,1.7,1.7,3.4,3.3,2014-15
49,Rodney Hood,2019,5718000.0,26.0,0.4977645305514158,11.180555555555555,1.75,2.1805555555555554,0.8194444444444444,0.16666666666666666,26.291666666666668,0.0,0.0,203918.0,SG,2.1,0.5,2.6,0.065,-1.2,-0.8,-2.0,0.0,2018-19
50,LaMarcus Aldridge,2015,21018007.5,29.0,0.4787985865724382,23.3943661971831,1.7464788732394365,10.225352112676056,0.676056338028169,0.9577464788732394,35.38028169014085,1.0,1.0,200746.0,PF,4.9,3.7,8.6,0.165,3.2,-0.3,2.9,3.1,2014-15
52,Marc Gasol,2015,22642350.0,30.0,0.49580223880597013,17.444444444444443,3.7901234567901234,7.777777777777778,0.8641975308641975,1.617283950617284,33.17283950617284,1.0,1.0,201188.0,C,5.5,4.7,10.2,0.182,2.7,2.4,5.1,4.8,2014-15
54,Danny Green,2015,10000000.0,28.0,0.5657181571815718,11.679012345679013,1.9506172839506173,4.234567901234568,1.2469135802469136,1.0740740740740742,28.530864197530864,0.0,0.0,201980.0,SG,4.0,3.9,7.8,0.163,2.6,2.0,4.6,3.8,2014-15
116,Gordon Hayward,2017,31214295.0,27.0,0.5358996539792388,21.931506849315067,3.452054794520548,5.397260273972603,1.0,0.273972602739726,34.465753424657535,1.0,0.0,202330.0,SF,7.1,3.3,10.4,0.199,4.6,0.5,5.0,4.5,2016-17
57,Spencer Dinwiddie,2016,1125488.5,23.0,0.3611111111111111,4.833333333333333,1.8333333333333333,1.4166666666666667,0.25,0.0,13.25,0.0,0.0,203915.0,PG,0.0,0.1,0.1,0.028,-4.6,-0.6,-5.2,-0.1,2015-16
65,Spencer Dinwiddie,2016,1302356.3333333333,23.0,0.3611111111111111,4.833333333333333,1.8333333333333333,1.4166666666666667,0.25,0.0,13.25,0.0,0.0,203915.0,PG,0.0,0.1,0.1,0.028,-4.6,-0.6,-5.2,-0.1,2015-16
58,Rajon Rondo,2019,2564753.0,33.0,0.46412037037037035,9.217391304347826,7.978260869565218,5.282608695652174,1.2391304347826086,0.15217391304347827,29.76086956521739,0.0,0.0,200765.0,PG,-0.2,1.5,1.3,0.047,-1.7,0.2,-1.5,0.2,2018-19
154,Rajon Rondo,2016,10150000.0,30.0,0.4936061381074169,11.930555555555555,11.652777777777779,6.041666666666667,1.9583333333333333,0.1388888888888889,35.236111111111114,0.0,0.0,200765.0,PG,2.3,2.3,4.6,0.087,1.0,0.0,1.0,1.9,2015-16
59,Jimmy Butler,2015,21048050.8,25.0,0.5016447368421053,20.015384615384615,3.2615384615384615,5.8307692307692305,1.7538461538461538,0.5538461538461539,38.66153846153846,1.0,0.0,202710.0,SG,8.2,3.0,11.2,0.214,3.4,1.2,4.6,4.2,2014-15
61,Joe Harris,2016,1252368.0,24.0,0.375,0.6,0.4,0.6,0.0,0.0,3.0,0.0,0.0,203925.0,SG,0.0,0.0,0.0,-0.032,-5.0,-0.9,-5.9,0.0,2015-16
174,Joe Harris,2018,8000000.0,26.0,0.6119162640901772,10.846153846153847,1.641025641025641,3.3333333333333335,0.44871794871794873,0.2564102564102564,25.32051282051282,0.0,0.0,203925.0,SG,3.0,0.9,4.0,0.097,0.7,-0.6,0.1,1.0,2017-18
153,George Hill,2017,16377969.0,31.0,0.5544554455445545,16.918367346938776,4.163265306122449,3.4081632653061225,1.0204081632653061,0.22448979591836735,31.510204081632654,0.0,0.0,201588.0,PG,4.0,1.9,5.9,0.182,3.0,0.8,3.8,2.3,2016-17
63,Mike Muscala,2017,5000000.0,25.0,0.5727002967359051,6.214285714285714,1.3571428571428572,3.4285714285714284,0.42857142857142855,0.5857142857142857,17.67142857142857,0.0,0.0,203488.0,C,1.8,1.6,3.4,0.132,-0.1,1.2,1.1,1.0,2016-17
64,Jeremy Lamb,2016,7000000.0,24.0,0.5058823529411764,8.787878787878787,1.1666666666666667,3.8181818181818183,0.6363636363636364,0.45454545454545453,18.59090909090909,0.0,0.0,203087.0,SG,1.0,1.8,2.7,0.107,0.1,0.7,0.8,0.9,2015-16
67,Jahlil Okafor,2018,1634746.5,22.0,0.5615942028985508,6.285714285714286,0.42857142857142855,3.0357142857142856,0.10714285714285714,0.6428571428571429,12.607142857142858,0.0,0.0,1626143.0,C,0.3,0.3,0.6,0.083,-1.8,0.0,-1.7,0.0,2017-18
68,Wilson Chandler,2015,11625000.0,28.0,0.5,13.91025641025641,1.7179487179487178,6.089743589743589,0.7435897435897436,0.3717948717948718,31.67948717948718,0.0,0.0,201163.0,SF,2.1,1.5,3.6,0.071,0.2,-0.7,-0.6,0.9,2014-15
71,Russell Westbrook,2016,30168166.33333333,27.0,0.48926592797783935,23.475,10.425,7.825,2.0375,0.25,34.3625,1.0,1.0,201566.0,PG,10.0,4.0,14.0,0.245,6.4,1.4,7.8,6.8,2015-16
72,Nerlens Noel,2018,1820148.0,24.0,0.5238095238095238,4.366666666666666,0.6666666666666666,5.6,1.0333333333333334,0.7333333333333333,15.733333333333333,0.0,0.0,203457.0,C,0.4,1.0,1.3,0.135,-2.2,2.7,0.5,0.3,2017-18
74,Tobias Harris,2015,16000000.0,22.0,0.5115911485774499,17.11764705882353,1.8235294117647058,6.323529411764706,1.0147058823529411,0.5294117647058824,34.838235294117645,0.0,0.0,202699.0,SF,3.0,1.8,4.8,0.098,1.1,-0.6,0.5,1.5,2014-15
75,Bismack Biyombo,2015,9907000.0,22.0,0.543010752688172,4.75,0.25,6.359375,0.28125,1.546875,19.421875,0.0,0.0,202687.0,C,1.8,2.2,4.0,0.156,-2.4,1.3,-1.1,0.3,2014-15
118,Bismack Biyombo,2016,17000000.0,23.0,0.5416666666666666,5.536585365853658,0.35365853658536583,7.987804878048781,0.23170731707317074,1.6219512195121952,22.048780487804876,0.0,0.0,202687.0,C,2.8,3.1,5.9,0.156,-1.3,1.1,-0.2,0.8,2015-16
76,Terrence Ross,2016,10333333.333333334,25.0,0.5359424920127795,9.863013698630137,0.7671232876712328,2.5342465753424657,0.7397260273972602,0.3424657534246575,23.931506849315067,0.0,0.0,203082.0,SF,2.1,1.6,3.6,0.1,0.6,-0.3,0.3,1.0,2015-16
78,Dwight Powell,2016,9317187.5,24.0,0.4966216216216216,5.782608695652174,0.6376811594202898,3.9565217391304346,0.5217391304347826,0.34782608695652173,14.376811594202898,0.0,0.0,203939.0,PF,1.8,1.3,3.1,0.151,-0.6,0.7,0.1,0.5,2015-16
79,Kevin Durant,2016,25770050.0,27.0,0.5727733526430123,28.180555555555557,5.013888888888889,8.180555555555555,0.9583333333333334,1.1805555555555556,35.80555555555556,1.0,1.0,201142.0,SF,11.0,3.5,14.5,0.27,8.4,1.6,9.9,7.8,2015-16
99,Kevin Durant,2018,33599500.0,29.0,0.5863338788870703,26.352941176470587,5.382352941176471,6.823529411764706,0.7352941176470589,1.75,34.19117647058823,1.0,1.0,201142.0,SF,7.5,2.9,10.4,0.215,6.7,0.6,7.3,5.5,2017-18
191,Kevin Durant,2017,27500000.0,28.0,0.5940545808966862,25.080645161290324,4.838709677419355,8.274193548387096,1.064516129032258,1.596774193548387,33.38709677419355,1.0,1.0,201142.0,PF,8.0,4.0,12.0,0.278,6.7,2.2,8.9,5.7,2016-17
82,Jeff Teague,2017,19000000.0,29.0,0.49174917491749176,15.292682926829269,7.7926829268292686,4.024390243902439,1.2195121951219512,0.3902439024390244,32.40243902439025,0.0,0.0,201952.0,PG,5.7,2.4,8.1,0.146,2.3,-0.1,2.2,2.8,2016-17
83,Kenneth Faried,2015,12619684.25,25.0,0.5074728260869565,12.613333333333333,1.1866666666666668,8.906666666666666,0.8266666666666667,0.76,27.813333333333333,0.0,0.0,202702.0,PF,3.5,2.1,5.6,0.13,0.6,-0.7,-0.1,1.0,2014-15
84,Ben McLemore,2017,5330000.0,24.0,0.5071599045346062,8.114754098360656,0.8360655737704918,2.1147540983606556,0.47540983606557374,0.09836065573770492,19.278688524590162,0.0,0.0,203463.0,SG,-0.1,0.5,0.4,0.015,-2.5,-1.7,-4.2,-0.6,2016-17
85,Elfrid Payton,2019,8000000.0,25.0,0.47451456310679613,10.619047619047619,7.619047619047619,5.238095238095238,1.0476190476190477,0.40476190476190477,29.761904761904763,0.0,0.0,203901.0,PG,0.6,0.9,1.5,0.058,-0.7,-0.7,-1.4,0.2,2018-19
86,Reggie Jackson,2015,12485153.0,25.0,0.46987951807228917,14.506493506493506,6.0,4.246753246753247,0.8051948051948052,0.11688311688311688,29.454545454545453,0.0,0.0,202704.0,PG,3.3,1.7,4.9,0.104,1.8,-0.6,1.1,1.8,2014-15
86,Reggie Jackson,2015,12485153.0,25.0,0.46987951807228917,14.506493506493506,6.0,4.246753246753247,0.8051948051948052,0.11688311688311688,29.454545454545453,0.0,0.0,202704.0,PG,1.8,1.1,2.9,0.101,0.9,-0.2,0.7,0.9,2014-15
86,Reggie Jackson,2015,12485153.0,25.0,0.46987951807228917,14.506493506493506,6.0,4.246753246753247,0.8051948051948052,0.11688311688311688,29.454545454545453,0.0,0.0,202704.0,PG,1.5,0.5,2.0,0.11,3.2,-1.3,1.9,0.9,2014-15
88,James Harden,2016,30902124.75,26.0,0.5120593692022264,28.975609756097562,7.463414634146342,6.109756097560975,1.6951219512195121,0.6219512195121951,38.109756097560975,1.0,0.0,201935.0,SG,10.7,2.6,13.3,0.204,6.4,0.2,6.6,6.8,2015-16
89,Bryn Forbes,2018,3000000.0,24.0,0.5100603621730382,6.9375,1.0,1.375,0.35,0.025,18.9625,0.0,0.0,1627854.0,SG,0.8,1.3,2.1,0.067,-2.5,-0.6,-3.1,-0.4,2017-18
90,Al-Farouq Aminu,2015,7500000.0,24.0,0.45938375350140054,5.5675675675675675,0.7972972972972973,4.621621621621622,0.9459459459459459,0.8378378378378378,18.45945945945946,0.0,0.0,202329.0,SF,1.2,2.0,3.3,0.115,-0.7,1.5,0.7,1.0,2014-15
91,Mason Plumlee,2017,13666666.666666666,27.0,0.536115569823435,10.395061728395062,3.506172839506173,7.469135802469136,0.8518518518518519,1.1358024691358024,26.51851851851852,0.0,0.0,203486.0,C,3.6,2.4,6.0,0.135,0.6,1.4,2.0,2.2,2016-17
97,Willie Cauley-Stein,2019,2177483.0,25.0,0.5566801619433198,11.91358024691358,2.3950617283950617,8.37037037037037,1.1851851851851851,0.6296296296296297,27.320987654320987,0.0,0.0,1626161.0,C,3.8,2.9,6.7,0.146,0.2,1.1,1.2,1.8,2018-19
98,Raul Neto,2018,1918572.5,26.0,0.5198675496688742,4.463414634146342,1.829268292682927,1.1951219512195121,0.3170731707317073,0.0975609756097561,12.146341463414634,0.0,0.0,203526.0,PG,0.3,0.6,0.9,0.086,-1.6,0.2,-1.4,0.1,2017-18
103,Edmond Sumner,2018,1224897.0,22.0,1.0,2.0,0.0,1.0,0.0,0.0,2.0,0.0,0.0,1628410.0,PG,0.0,0.0,0.0,0.425,-2.4,9.3,6.9,0.0,2017-18
106,Shaquille Harrison,2018,1473047.5,24.0,0.5,6.608695652173913,2.391304347826087,2.652173913043478,1.1304347826086956,0.30434782608695654,16.695652173913043,0.0,0.0,1627885.0,PG,0.4,0.4,0.8,0.094,-2.3,1.7,-0.7,0.1,2017-18
111,Jordan Clarkson,2016,12500000.0,24.0,0.4831511839708561,15.50632911392405,2.430379746835443,3.962025316455696,1.1139240506329113,0.08860759493670886,32.30379746835443,0.0,0.0,203903.0,SG,1.7,0.4,2.1,0.039,-0.1,-1.5,-1.6,0.2,2015-16
142,Patrick Patterson,2017,4325064.333333333,28.0,0.5234375,6.846153846153846,1.1692307692307693,4.507692307692308,0.6153846153846154,0.35384615384615387,24.6,0.0,0.0,202335.0,PF,1.7,1.6,3.3,0.1,0.0,0.1,0.1,0.8,2016-17
114,Robin Lopez,2015,13503875.0,27.0,0.5354691075514875,9.59322033898305,0.9322033898305084,6.677966101694915,0.2711864406779661,1.423728813559322,27.76271186440678,0.0,0.0,201577.0,C,3.2,1.9,5.1,0.15,0.1,0.1,0.1,0.9,2014-15
132,Robin Lopez,2019,4767000.0,31.0,0.5747663551401869,9.513513513513514,1.2027027027027026,3.864864864864865,0.14864864864864866,1.054054054054054,21.7027027027027,0.0,0.0,201577.0,C,2.0,0.7,2.7,0.081,-0.6,-1.4,-1.9,0.0,2018-19
122,Joe Ingles,2015,2100000.0,27.0,0.5169491525423728,5.012658227848101,2.3037974683544302,2.2151898734177213,0.9113924050632911,0.12658227848101267,21.17721518987342,0.0,0.0,204060.0,SF,0.5,1.6,2.2,0.062,-2.3,1.1,-1.2,0.3,2014-15
125,Harrison Barnes,2016,23370934.75,24.0,0.5308056872037915,11.727272727272727,1.7727272727272727,4.924242424242424,0.6212121212121212,0.15151515151515152,30.939393939393938,0.0,0.0,203084.0,SF,3.1,1.9,4.9,0.116,-0.2,-1.1,-1.3,0.3,2015-16
126,Torrey Craig,2018,2000000.0,27.0,0.5145985401459854,4.17948717948718,0.6410256410256411,3.2564102564102564,0.3076923076923077,0.38461538461538464,16.128205128205128,0.0,0.0,1628470.0,SF,0.5,0.4,0.9,0.069,-2.2,-0.7,-2.9,-0.1,2017-18
128,Jae Crowder,2015,7000000.0,24.0,0.4761467889908257,7.658536585365853,1.146341463414634,3.573170731707317,0.8780487804878049,0.3048780487804878,20.085365853658537,0.0,0.0,203109.0,SF,1.9,2.0,3.9,0.113,-0.2,0.7,0.5,1.0,2014-15
128,Jae Crowder,2015,7000000.0,24.0,0.4761467889908257,7.658536585365853,1.146341463414634,3.573170731707317,0.8780487804878049,0.3048780487804878,20.085365853658537,0.0,0.0,203109.0,SF,0.3,0.3,0.5,0.098,-0.6,0.5,-0.1,0.1,2014-15
128,Jae Crowder,2015,7000000.0,24.0,0.4761467889908257,7.658536585365853,1.146341463414634,3.573170731707317,0.8780487804878049,0.3048780487804878,20.085365853658537,0.0,0.0,203109.0,SF,1.6,1.8,3.3,0.116,-0.2,0.8,0.6,0.9,2014-15
129,Hassan Whiteside,2016,24354884.0,27.0,0.6055718475073314,14.246575342465754,0.3972602739726027,11.849315068493151,0.6027397260273972,3.684931506849315,29.10958904109589,0.0,0.0,202355.0,C,5.0,5.3,10.3,0.233,1.7,2.4,4.1,3.3,2015-16
130,Kyrie Irving,2015,20951075.6,23.0,0.531578947368421,21.706666666666667,5.1866666666666665,3.16,1.52,0.26666666666666666,36.4,1.0,1.0,202681.0,PG,8.4,2.0,10.4,0.183,4.4,-0.4,4.1,4.2,2014-15
134,Justin Holiday,2015,981486.0,26.0,0.46170212765957447,4.305084745762712,0.8135593220338984,1.2372881355932204,0.6779661016949152,0.2033898305084746,11.135593220338983,0.0,0.0,203200.0,SG,0.2,1.0,1.3,0.092,-2.4,1.0,-1.4,0.1,2014-15
178,Justin Holiday,2017,4500000.0,28.0,0.5232342007434945,7.670731707317073,1.2439024390243902,2.7439024390243905,0.7926829268292683,0.3780487804878049,19.98780487804878,0.0,0.0,203200.0,SG,1.3,1.2,2.5,0.073,-0.5,0.2,-0.3,0.7,2016-17
138,Serge Ibaka,2017,21666666.666666668,27.0,0.5427698574338086,14.848101265822784,0.9493670886075949,6.810126582278481,0.5189873417721519,1.5696202531645569,30.658227848101266,0.0,0.0,201586.0,PF,2.5,2.6,5.1,0.101,0.4,-0.3,0.1,1.2,2016-17
173,Eric Gordon,2016,13221697.5,27.0,0.5208333333333334,15.244444444444444,2.688888888888889,2.2,0.9555555555555556,0.3111111111111111,32.91111111111111,0.0,0.0,201569.0,SG,1.7,0.4,2.1,0.069,0.9,-1.0,-0.1,0.7,2015-16
140,Fred VanVleet,2018,9000000.0,24.0,0.5247706422018349,8.631578947368421,3.1973684210526314,2.4210526315789473,0.8947368421052632,0.25,20.0,0.0,0.0,1627832.0,PG,2.7,2.0,4.7,0.149,1.4,1.0,2.4,1.7,2017-18
186,Thaddeus Young,2015,12500000.0,27.0,0.4855371900826446,14.092105263157896,2.276315789473684,5.407894736842105,1.631578947368421,0.32894736842105265,32.026315789473685,0.0,0.0,201152.0,PF,1.6,1.4,3.1,0.061,0.0,-0.2,-0.1,1.1,2014-15
186,Thaddeus Young,2015,12500000.0,27.0,0.4855371900826446,14.092105263157896,2.276315789473684,5.407894736842105,1.631578947368421,0.32894736842105265,32.026315789473685,0.0,0.0,201152.0,PF,0.8,0.6,1.4,0.043,-0.4,-0.1,-0.5,0.6,2014-15
186,Thaddeus Young,2015,12500000.0,27.0,0.4855371900826446,14.092105263157896,2.276315789473684,5.407894736842105,1.631578947368421,0.32894736842105265,32.026315789473685,0.0,0.0,201152.0,PF,0.8,0.8,1.6,0.095,0.7,-0.3,0.5,0.5,2014-15
146,Ed Davis,2015,6666666.666666667,26.0,0.6012793176972282,8.30379746835443,1.1898734177215189,7.594936708860759,0.620253164556962,1.240506329113924,23.29113924050633,0.0,0.0,202334.0,PF,4.6,1.6,6.3,0.164,1.4,0.1,1.5,1.6,2014-15
148,Tristan Thompson,2015,16399826.0,24.0,0.5471311475409836,8.451219512195122,0.47560975609756095,8.012195121951219,0.4146341463414634,0.7439024390243902,26.75609756097561,0.0,0.0,202684.0,PF,4.7,2.1,6.8,0.148,0.1,-1.4,-1.2,0.4,2014-15
150,Khris Middleton,2015,17520689.6,23.0,0.5299194476409667,13.354430379746836,2.3037974683544302,4.3924050632911396,1.5443037974683544,0.13924050632911392,30.10126582278481,0.0,0.0,203114.0,SF,3.2,3.5,6.7,0.135,0.5,1.1,1.6,2.2,2014-15
151,Ricky Rubio,2015,13750000.0,24.0,0.3858447488584475,10.272727272727273,8.772727272727273,5.681818181818182,1.7272727272727273,0.045454545454545456,31.454545454545453,0.0,0.0,201937.0,PG,0.1,0.4,0.5,0.033,-0.3,0.2,-0.1,0.3,2014-15
152,LeBron James,2016,32124579.5,31.0,0.5512005649717514,25.263157894736842,6.7631578947368425,7.434210526315789,1.368421052631579,0.6447368421052632,35.64473684210526,1.0,1.0,2544.0,SF,9.6,4.0,13.6,0.242,7.0,2.0,9.0,7.5,2015-16
164,LeBron James,2015,26966975.0,30.0,0.5347928068803753,25.26086956521739,7.405797101449275,6.028985507246377,1.5797101449275361,0.7101449275362319,36.130434782608695,1.0,1.0,2544.0,SF,7.4,2.9,10.4,0.199,6.1,1.0,7.1,5.7,2014-15
155,Danilo Gallinari,2017,21587579.0,28.0,0.5306666666666666,18.174603174603174,2.142857142857143,5.158730158730159,0.6349206349206349,0.23809523809523808,33.87301587301587,0.0,0.0,201568.0,SF,6.2,0.7,6.8,0.154,2.8,-1.4,1.4,1.9,2016-17
179,Danilo Gallinari,2015,16536533.0,26.0,0.49559859154929575,12.440677966101696,1.4067796610169492,3.694915254237288,0.7966101694915254,0.3389830508474576,24.16949152542373,0.0,0.0,201568.0,SF,3.0,1.0,3.9,0.132,2.6,-0.2,2.4,1.6,2014-15
160,Meyers Leonard,2016,10250000.0,24.0,0.5471264367816092,8.37704918032787,1.5081967213114753,5.147540983606557,0.13114754098360656,0.29508196721311475,21.852459016393443,0.0,0.0,203086.0,PF,1.2,1.0,2.2,0.078,-1.1,-0.6,-1.7,0.1,2015-16
162,Seth Curry,2015,1922638.0,24.0,0.0,0.0,0.5,1.0,0.0,0.0,4.0,0.0,0.0,203552.0,PG,-0.1,0.0,0.0,-0.298,-20.1,-3.0,-23.1,0.0,2014-15
166,Seth Curry,2016,2963205.0,25.0,0.5669642857142857,6.795454545454546,1.5227272727272727,1.3636363636363635,0.5,0.06818181818181818,15.727272727272727,0.0,0.0,203552.0,PG,1.2,0.2,1.4,0.097,0.7,-0.9,-0.2,0.3,2015-16
163,Christian Wood,2016,874636.0,20.0,0.4528301886792453,3.588235294117647,0.17647058823529413,2.235294117647059,0.29411764705882354,0.4117647058823529,8.529411764705882,0.0,0.0,1626174.0,PF,0.2,0.1,0.3,0.097,0.4,-0.6,-0.2,0.1,2015-16
165,Trey Burke,2017,1289587.5,24.0,0.515686274509804,5.0,1.7543859649122806,0.8245614035087719,0.19298245614035087,0.08771929824561403,12.333333333333334,0.0,0.0,203504.0,PG,0.3,0.3,0.5,0.036,-1.3,-1.8,-3.0,-0.2,2016-17
190,Derrick Favors,2018,17275000.0,26.0,0.5726495726495726,12.25974025974026,1.3246753246753247,7.1688311688311686,0.7012987012987013,1.0649350649350648,27.961038961038962,0.0,0.0,202324.0,C,4.5,3.5,8.0,0.179,0.9,0.7,1.5,1.9,2017-18
176,Klay Thompson,2015,17244862.5,25.0,0.5554272517321016,21.662337662337663,2.883116883116883,3.207792207792208,1.12987012987013,0.7792207792207793,31.883116883116884,1.0,1.0,202691.0,SG,5.7,3.1,8.8,0.172,4.5,-0.1,4.4,4.0,2014-15
177,Kemba Walker,2015,12000000.0,25.0,0.4286442405708461,17.338709677419356,5.129032258064516,3.5483870967741935,1.435483870967742,0.5,34.17741935483871,0.0,0.0,202689.0,PG,1.8,2.6,4.5,0.101,1.7,0.6,2.3,2.3,2014-15
180,JaKarr Sampson,2015,1103547.0,22.0,0.4667630057803468,5.216216216216216,1.0405405405405406,2.2027027027027026,0.5135135135135135,0.35135135135135137,15.283783783783784,0.0,0.0,203960.0,SF,-0.5,1.1,0.6,0.025,-4.2,0.0,-4.2,-0.6,2014-15
182,Tyler Johnson,2016,7719436.25,24.0,0.5411522633744856,8.722222222222221,2.1944444444444446,3.0277777777777777,0.6666666666666666,0.3888888888888889,23.97222222222222,0.0,0.0,204020.0,SG,1.2,0.9,2.0,0.113,-0.1,0.7,0.7,0.6,2015-16
184,Aron Baynes,2018,5323440.0,31.0,0.4742152466367713,5.950617283950617,1.1481481481481481,5.3580246913580245,0.2716049382716049,0.6296296296296297,18.320987654320987,0.0,0.0,203382.0,C,0.5,2.5,3.0,0.097,-3.6,0.7,-2.9,-0.3,2017-18
196,Aron Baynes,2015,5766666.666666667,28.0,0.5672782874617737,6.585714285714285,0.5,4.542857142857143,0.22857142857142856,0.3142857142857143,16.02857142857143,0.0,0.0,203382.0,C,2.3,1.6,3.9,0.166,-1.4,-0.4,-1.8,0.1,2014-15
187,Anthony Davis,2016,24604884.5,23.0,0.508362676056338,24.278688524590162,1.901639344262295,10.278688524590164,1.278688524590164,2.0491803278688523,35.47540983606557,1.0,0.0,203076.0,C,4.4,2.8,7.2,0.16,3.6,0.4,3.9,3.2,2015-16
192,Jerami Grant,2018,8839743.0,24.0,0.5701754385964912,8.419753086419753,0.7037037037037037,3.9382716049382718,0.38271604938271603,0.9506172839506173,20.333333333333332,0.0,0.0,203924.0,PF,3.5,1.9,5.4,0.156,0.0,0.3,0.3,1.0,2017-18
193,Patrick Beverley,2015,5756757.0,26.0,0.49154135338345867,10.142857142857142,3.4285714285714284,4.232142857142857,1.0535714285714286,0.4107142857142857,30.839285714285715,0.0,0.0,201976.0,PG,1.7,1.8,3.5,0.096,-0.4,0.5,0.1,0.9,2014-15
198,Draymond Green,2015,16400000.0,25.0,0.515686274509804,11.658227848101266,3.6835443037974684,8.189873417721518,1.5569620253164558,1.2531645569620253,31.518987341772153,0.0,0.0,203110.0,PF,3.3,5.2,8.5,0.163,0.7,2.8,3.5,3.5,2014-15
0,Dwight Howard,2020,2600000.0,34.0,0.7346570397111913,7.492753623188406,0.6521739130434783,7.3478260869565215,0.4492753623188406,1.144927536231884,18.92753623188406,0.0,0.0,2730.0,C,2.8,2.6,5.4,0.197,-1.0,1.2,0.2,0.7,2019-20
1,Chris Paul,2021,30000000.0,36.0,0.5574516496018203,16.414285714285715,8.885714285714286,4.457142857142857,1.4142857142857144,0.2714285714285714,31.428571428571427,1.0,1.0,101108.0,PG,6.5,2.7,9.2,0.201,3.5,1.1,4.6,3.6,2020-21
2,Lou Williams,2021,5000000.0,34.0,0.46362229102167185,11.348484848484848,3.409090909090909,2.090909090909091,0.7121212121212122,0.09090909090909091,21.560606060606062,0.0,0.0,101150.0,PG,0.5,1.2,1.7,0.056,-1.0,-1.5,-2.5,-0.2,2020-21
3,Rajon Rondo,2020,7500000.0,34.0,0.4801829268292683,7.125,5.0,2.9583333333333335,0.8333333333333334,0.041666666666666664,20.5,0.0,0.0,200765.0,PG,0.1,1.3,1.4,0.068,-1.2,-0.1,-1.4,0.2,2019-20
4,Kyle Lowry,2021,30000000.0,35.0,0.5461409395973155,17.195652173913043,7.3478260869565215,5.369565217391305,0.9782608695652174,0.30434782608695654,34.82608695652174,0.0,0.0,200768.0,PG,2.9,1.3,4.1,0.124,2.0,-0.4,1.6,1.5,2020-21
5,P.J. Tucker,2021,7500000.0,36.0,0.4858757062146893,3.7115384615384617,1.1730769230769231,3.923076923076923,0.75,0.38461538461538464,26.076923076923077,0.0,0.0,200782.0,PF,0.1,0.9,1.0,0.034,-4.6,0.5,-4.1,-0.7,2020-21
6,P.J. Tucker,2022,11066666.666666668,37.0,0.5771028037383178,7.591549295774648,2.0985915492957745,5.450704225352113,0.8169014084507042,0.2112676056338028,27.901408450704224,0.0,0.0,200782.0,PF,2.4,2.6,5.0,0.121,-0.8,1.4,0.6,1.3,2021-22
7,Paul Millsap,2020,10000000.0,35.0,0.54337899543379,11.588235294117647,1.6274509803921569,5.745098039215686,0.8627450980392157,0.5882352941176471,24.313725490196077,0.0,0.0,200794.0,PF,2.1,1.4,3.5,0.136,0.3,-0.2,0.1,0.7,2019-20
8,Mike Conley,2021,24666666.666666668,33.0,0.5515625,16.215686274509803,5.980392156862745,3.4705882352941178,1.3725490196078431,0.17647058823529413,29.372549019607842,1.0,0.0,201144.0,PG,4.0,2.1,6.1,0.197,3.6,1.3,4.9,2.6,2020-21
9,Jeff Green,2021,5000000.0,34.0,0.589622641509434,11.029411764705882,1.588235294117647,3.8676470588235294,0.5294117647058824,0.39705882352941174,26.985294117647058,0.0,0.0,201145.0,PF,2.9,1.2,4.1,0.107,0.0,-0.9,-0.8,0.5,2020-21
10,Jeff Green,2023,6000000.0,36.0,0.5335365853658537,7.803571428571429,1.2321428571428572,2.5714285714285716,0.32142857142857145,0.30357142857142855,19.482142857142858,0.0,0.0,201145.0,PF,0.8,0.8,1.7,0.074,-2.4,-1.0,-3.4,-0.4,2022-23
11,Thaddeus Young,2022,8000000.0,34.0,0.5496323529411765,6.1923076923076925,2.0,4.0,1.0384615384615385,0.34615384615384615,16.25,0.0,0.0,201152.0,PF,0.9,1.3,2.2,0.126,0.1,2.1,2.2,0.9,2021-22
12,Jared Dudley,2020,2600000.0,34.0,0.55,1.511111111111111,0.6222222222222222,1.1555555555555554,0.3333333333333333,0.06666666666666667,8.088888888888889,0.0,0.0,201162.0,PF,0.3,0.5,0.8,0.102,-2.7,2.0,-0.7,0.1,2019-20
13,Marc Gasol,2020,2650000.0,35.0,0.5286738351254481,7.5227272727272725,3.340909090909091,6.25,0.7727272727272727,0.8636363636363636,26.386363636363637,0.0,0.0,201188.0,C,0.8,2.2,3.0,0.124,-1.2,2.8,1.6,1.1,2019-20
14,Derrick Rose,2021,14333333.333333334,32.0,0.5106382978723404,14.68,4.18,2.6,0.98,0.38,25.58,0.0,0.0,201565.0,PG,1.6,1.6,3.1,0.118,1.6,0.3,1.9,1.3,2020-21
15,Derrick Rose,2023,3250000.0,34.0,0.44339622641509435,5.62962962962963,1.7037037037037037,1.4814814814814814,0.25925925925925924,0.18518518518518517,12.518518518518519,0.0,0.0,201565.0,PG,-0.3,0.3,0.0,-0.001,-2.2,-1.5,-3.7,-0.1,2022-23
16,Russell Westbrook,2023,4000000.0,34.0,0.4808274470232089,15.876712328767123,7.5479452054794525,5.794520547945205,1.0410958904109588,0.4520547945205479,29.123287671232877,0.0,0.0,201566.0,PG,-0.6,2.6,1.9,0.044,0.3,-0.1,0.2,1.2,2022-23
17,Danilo Gallinari,2020,20500000.0,31.0,0.5471236230110159,18.70967741935484,1.9193548387096775,5.193548387096774,0.6774193548387096,0.08064516129032258,29.580645161290324,0.0,0.0,201568.0,PF,4.5,1.9,6.3,0.166,4.1,-0.9,3.3,2.4,2019-20
18,Danilo Gallinari,2022,6500000.0,33.0,0.5276381909547738,11.681818181818182,1.5303030303030303,4.666666666666667,0.42424242424242425,0.18181818181818182,25.333333333333332,0.0,0.0,201568.0,PF,2.8,0.8,3.6,0.105,1.0,-1.2,-0.2,0.8,2021-22
19,D.J. Augustin,2020,7000000.0,32.0,0.4750542299349241,10.508771929824562,4.5964912280701755,2.1403508771929824,0.5964912280701754,0.017543859649122806,24.912280701754387,0.0,0.0,201571.0,PG,2.0,0.9,2.9,0.098,-0.3,-1.3,-1.6,0.2,2019-20
20,Brook Lopez,2023,24000000.0,35.0,0.6062291434927698,15.884615384615385,1.2692307692307692,6.666666666666667,0.47435897435897434,2.4743589743589745,30.41025641025641,0.0,0.0,201572.0,C,4.1,3.9,8.0,0.161,0.8,1.3,2.1,2.5,2022-23
21,Robin Lopez,2021,5000000.0,33.0,0.6388235294117647,9.04225352112676,0.7746478873239436,3.8309859154929575,0.2112676056338028,0.6197183098591549,19.070422535211268,0.0,0.0,201577.0,C,2.8,0.9,3.7,0.131,0.2,-1.2,-1.0,0.4,2020-21
22,JaVale McGee,2021,5000000.0,33.0,0.5195035460992907,7.326086956521739,0.8478260869565217,5.195652173913044,0.41304347826086957,1.173913043478261,14.73913043478261,0.0,0.0,201580.0,C,-0.1,1.1,1.0,0.068,-3.3,0.8,-2.5,-0.1,2020-21
23,JaVale McGee,2022,6700000.0,34.0,0.631004366812227,9.18918918918919,0.5675675675675675,6.702702702702703,0.2972972972972973,1.0945945945945945,15.837837837837839,0.0,0.0,201580.0,C,2.4,2.6,4.9,0.201,-0.1,0.9,0.8,0.8,2021-22
24,Serge Ibaka,2020,9500000.0,30.0,0.564179104477612,15.363636363636363,1.4,8.218181818181819,0.509090909090909,0.8363636363636363,27.0,0.0,0.0,201586.0,C,1.2,2.7,3.9,0.126,0.1,0.0,0.1,0.8,2019-20
25,Nicolas Batum,2022,11000000.0,33.0,0.6020671834625323,8.322033898305085,1.694915254237288,4.305084745762712,0.9830508474576272,0.711864406779661,24.796610169491526,0.0,0.0,201587.0,PF,1.6,2.1,3.7,0.123,0.5,1.9,2.3,1.6,2021-22
26,George Hill,2021,4000000.0,35.0,0.5609137055837563,8.7,2.433333333333333,2.033333333333333,0.7666666666666667,0.16666666666666666,22.4,0.0,0.0,201588.0,PG,0.9,0.6,1.4,0.1,-1.0,-0.2,-1.2,0.1,2020-21
28,James Harden,2022,34300000.0,32.0,0.4848790322580645,22.03076923076923,10.261538461538462,7.6923076923076925,1.2615384615384615,0.5538461538461539,37.23076923076923,0.0,0.0,201935.0,PG,4.9,2.7,7.6,0.152,3.7,0.3,4.0,3.7,2021-22
29,Ricky Rubio,2022,6133333.333333333,31.0,0.4343065693430657,13.088235294117647,6.617647058823529,4.147058823529412,1.4411764705882353,0.20588235294117646,28.529411764705884,0.0,0.0,201937.0,PG,-0.1,1.4,1.3,0.064,-1.0,1.2,0.2,0.5,2021-22
30,DeMar DeRozan,2021,28333333.33333333,31.0,0.5048913043478261,21.57377049180328,6.918032786885246,4.245901639344262,0.9180327868852459,0.2459016393442623,33.704918032786885,0.0,0.0,201942.0,PF,5.9,1.5,7.4,0.172,3.2,-0.1,3.1,2.6,2020-21
31,Taj Gibson,2021,2700000.0,36.0,0.6360759493670886,5.355555555555555,0.8,5.555555555555555,0.6888888888888889,1.0888888888888888,20.8,0.0,0.0,201959.0,C,2.1,1.7,3.8,0.195,-0.7,2.1,1.3,0.8,2020-21
32,Patrick Beverley,2023,3200000.0,34.0,0.5111111111111111,6.1940298507462686,2.8955223880597014,3.6865671641791047,0.9402985074626866,0.6119402985074627,27.119402985074625,0.0,0.0,201976.0,SG-PG,0.8,2.1,3.0,0.079,-2.9,1.7,-1.2,0.3,2022-23
33,Patty Mills,2021,6000000.0,32.0,0.544189852700491,10.823529411764707,2.3823529411764706,1.7058823529411764,0.6176470588235294,0.04411764705882353,24.779411764705884,0.0,0.0,201988.0,PG,1.3,0.8,2.2,0.062,0.0,-1.2,-1.2,0.4,2020-21
34,Patty Mills,2022,7250000.0,33.0,0.551007556675063,11.395061728395062,2.259259259259259,1.9259259259259258,0.6296296296296297,0.20987654320987653,28.962962962962962,0.0,0.0,201988.0,SG,1.9,0.9,2.8,0.058,-0.3,-1.4,-1.7,0.2,2021-22
35,Garrett Temple,2020,5000000.0,34.0,0.48637137989778534,10.338709677419354,2.5161290322580645,3.5161290322580645,0.7903225806451613,0.46774193548387094,27.903225806451612,0.0,0.0,202066.0,SG,0.7,1.7,2.4,0.066,-1.4,0.3,-1.1,0.4,2019-20
36,Wesley Matthews,2020,3600000.0,33.0,0.523696682464455,7.373134328358209,1.373134328358209,2.4776119402985075,0.5671641791044776,0.13432835820895522,24.402985074626866,0.0,0.0,202083.0,SG,0.8,2.4,3.2,0.093,-2.6,0.7,-1.8,0.1,2019-20
38,Derrick Favors,2020,9000000.0,28.0,0.6179941002949852,9.0,1.588235294117647,9.823529411764707,0.5882352941176471,0.9019607843137255,24.352941176470587,0.0,0.0,202324.0,C,2.6,1.6,4.2,0.162,0.7,0.3,1.0,0.9,2019-20
39,Gordon Hayward,2020,30000000.0,30.0,0.5607142857142857,17.48076923076923,4.076923076923077,6.6923076923076925,0.7307692307692307,0.4230769230769231,33.46153846153846,0.0,0.0,202330.0,SF,3.5,2.2,5.7,0.158,2.6,0.1,2.7,2.0,2019-20
40,Avery Bradley,2020,5800000.0,29.0,0.5261096605744126,8.63265306122449,1.2857142857142858,2.3469387755102042,0.8775510204081632,0.10204081632653061,24.20408163265306,0.0,0.0,202340.0,SG,0.2,1.4,1.5,0.062,-3.0,0.5,-2.5,-0.2,2019-20
41,Kyrie Irving,2023,42000000.0,31.0,0.57190357439734,27.05,5.516666666666667,5.066666666666666,1.1,0.75,37.35,1.0,0.0,202681.0,PG-SG,5.4,2.0,7.4,0.159,4.8,-0.7,4.1,3.5,2022-23
42,Tristan Thompson,2020,9500000.0,29.0,0.5204626334519573,12.0,2.1052631578947367,10.12280701754386,0.5789473684210527,0.8771929824561403,30.210526315789473,0.0,0.0,202684.0,C,2.0,1.1,3.1,0.085,-0.2,-1.3,-1.5,0.2,2019-20
43,Kemba Walker,2021,8000000.0,31.0,0.5140532544378699,19.27906976744186,4.930232558139535,3.953488372093023,1.1162790697674418,0.27906976744186046,31.837209302325583,0.0,0.0,202689.0,PG,2.1,1.1,3.3,0.115,2.8,-0.7,2.1,1.4,2020-21
44,Alec Burks,2020,6000000.0,28.0,0.4934895833333333,15.045454545454545,2.8636363636363638,4.2727272727272725,0.9393939393939394,0.25757575757575757,26.575757575757574,0.0,0.0,202692.0,SF-SG,2.5,1.2,3.7,0.101,1.2,-0.7,0.5,1.1,2019-20
45,Alec Burks,2021,10000000.0,29.0,0.522,12.714285714285714,2.183673469387755,4.63265306122449,0.6326530612244898,0.2857142857142857,25.612244897959183,0.0,0.0,202692.0,SG,1.5,1.8,3.3,0.126,0.9,0.6,1.5,1.1,2020-21
46,Kawhi Leonard,2021,44075000.0,30.0,0.5677312775330396,24.846153846153847,5.173076923076923,6.480769230769231,1.5576923076923077,0.40384615384615385,34.07692307692308,1.0,1.0,202695.0,SF,6.4,2.4,8.8,0.238,6.0,1.3,7.3,4.2,2020-21
47,Reggie Jackson,2021,11000000.0,31.0,0.5538461538461539,10.671641791044776,3.0597014925373136,2.8656716417910446,0.6119402985074627,0.1044776119402985,23.044776119402986,0.0,0.0,202704.0,SG,2.3,1.4,3.7,0.115,0.6,-0.2,0.4,0.9,2020-21
48,Reggie Jackson,2023,5150000.0,33.0,0.4859375,10.191176470588236,3.426470588235294,2.1176470588235294,0.6911764705882353,0.08823529411764706,24.36764705882353,0.0,0.0,202704.0,PG,-0.6,1.2,0.6,0.018,-2.9,-1.1,-3.9,-0.8,2022-23
49,Cory Joseph,2021,5000000.0,29.0,0.5223004694835681,8.206349206349206,3.380952380952381,2.5238095238095237,0.9682539682539683,0.2857142857142857,22.952380952380953,0.0,0.0,202709.0,PG,1.3,0.8,2.1,0.069,-1.8,0.0,-1.8,0.1,2020-21
51,E'Twaun Moore,2020,2400000.0,31.0,0.4977116704805492,8.321428571428571,1.3928571428571428,2.3392857142857144,0.5714285714285714,0.19642857142857142,18.214285714285715,0.0,0.0,202734.0,SG,0.3,0.7,0.9,0.043,-1.9,-0.8,-2.7,-0.2,2019-20
52,E'Twaun Moore,2021,2600000.0,32.0,0.5,4.925925925925926,1.4814814814814814,1.6666666666666667,0.5555555555555556,0.18518518518518517,14.407407407407407,0.0,0.0,202734.0,SG,0.0,0.4,0.4,0.049,-3.1,0.2,-2.9,-0.1,2020-21
53,Brad Wanamaker,2020,2250000.0,30.0,0.4986187845303867,6.859154929577465,2.5211267605633805,2.028169014084507,0.8591549295774648,0.19718309859154928,19.281690140845072,0.0,0.0,202954.0,PG,1.8,1.8,3.5,0.124,-1.9,1.3,-0.6,0.5,2019-20
54,Anthony Davis,2020,38000000.0,27.0,0.5355839416058394,26.096774193548388,3.225806451612903,9.306451612903226,1.467741935483871,2.306451612903226,34.37096774193548,1.0,1.0,203076.0,PF,6.7,4.4,11.1,0.25,5.4,2.6,8.0,5.4,2019-20
55,Bradley Beal,2022,50200000.0,29.0,0.49221789883268485,23.2,6.625,4.725,0.9,0.375,35.975,0.0,0.0,203078.0,SG,0.6,0.7,1.4,0.046,2.0,-1.2,0.8,1.0,2021-22
56,Andre Drummond,2022,3300000.0,28.0,0.5704387990762124,7.945205479452055,1.7945205479452055,9.315068493150685,1.0684931506849316,0.9315068493150684,19.684931506849313,0.0,0.0,203083.0,C,2.0,3.1,5.1,0.17,-0.1,1.4,1.3,1.2,2021-22
57,Meyers Leonard,2020,10000000.0,28.0,0.6217948717948718,6.0588235294117645,1.0784313725490196,5.098039215686274,0.27450980392156865,0.29411764705882354,20.274509803921568,0.0,0.0,203086.0,C,0.9,1.2,2.1,0.096,-1.3,0.4,-0.9,0.3,2019-20
58,Maurice Harkless,2020,3600000.0,27.0,0.5618374558303887,5.758064516129032,1.096774193548387,3.870967741935484,0.9354838709677419,0.532258064516129,23.016129032258064,0.0,0.0,203090.0,PF-SF,0.8,1.9,2.7,0.09,-2.6,1.9,-0.7,0.5,2019-20
59,Maurice Harkless,2021,4500000.0,28.0,0.48787878787878786,5.243243243243243,1.1891891891891893,2.4054054054054053,0.8108108108108109,0.5405405405405406,20.864864864864863,0.0,0.0,203090.0,PF-SF,0.2,0.4,0.6,0.038,-3.8,0.1,-3.7,-0.3,2020-21
60,Evan Fournier,2021,19500000.0,28.0,0.5646950092421442,17.11904761904762,3.4285714285714284,3.0476190476190474,1.119047619047619,0.4523809523809524,29.976190476190474,0.0,0.0,203095.0,SF,1.8,1.0,2.8,0.107,1.5,-0.4,1.1,1.0,2020-21
61,Jae Crowder,2020,10000000.0,29.0,0.5213143872113677,10.523076923076923,2.476923076923077,5.907692307692308,1.1076923076923078,0.36923076923076925,28.846153846153847,0.0,0.0,203109.0,SF-PF,1.6,2.2,3.8,0.098,-0.5,0.4,-0.1,0.9,2019-20
62,Draymond Green,2023,25000000.0,33.0,0.569620253164557,8.452054794520548,6.8493150684931505,7.191780821917808,1.0136986301369864,0.821917808219178,31.47945205479452,0.0,0.0,203110.0,PF,1.6,3.1,4.7,0.098,-1.8,2.6,0.8,1.6,2022-23
63,Khris Middleton,2023,34000000.0,31.0,0.4987684729064039,15.06060606060606,4.9393939393939394,4.242424242424242,0.696969696969697,0.15151515151515152,24.272727272727273,0.0,0.0,203114.0,SF,1.0,1.0,1.9,0.117,1.0,-0.3,0.8,0.6,2022-23
64,Will Barton,2021,16000000.0,30.0,0.506578947368421,12.696428571428571,3.232142857142857,4.035714285714286,0.8928571428571429,0.4107142857142857,31.0,0.0,0.0,203115.0,SF,0.7,1.5,2.2,0.061,-1.0,-0.8,-1.9,0.1,2020-21
65,Kent Bazemore,2020,2300000.0,30.0,0.45318352059925093,8.779411764705882,1.3676470588235294,4.323529411764706,1.088235294117647,0.5882352941176471,24.823529411764707,0.0,0.0,203145.0,SF,-0.9,1.5,0.6,0.017,-3.4,0.3,-3.0,-0.5,2019-20
66,Justin Holiday,2020,6033333.333333333,31.0,0.565843621399177,8.26027397260274,1.273972602739726,3.26027397260274,1.1917808219178083,0.6301369863013698,25.013698630136986,0.0,0.0,203200.0,SF,1.6,2.6,4.2,0.112,-0.5,1.8,1.3,1.5,2019-20
67,JaMychal Green,2020,7500000.0,30.0,0.5596590909090909,6.825396825396825,0.7777777777777778,6.158730158730159,0.4603174603174603,0.38095238095238093,20.746031746031747,0.0,0.0,203210.0,PF,1.1,2.0,3.1,0.115,-1.2,0.7,-0.5,0.5,2019-20
68,JaMychal Green,2021,8500000.0,31.0,0.5681818181818182,8.120689655172415,0.9137931034482759,4.775862068965517,0.4482758620689655,0.3793103448275862,19.310344827586206,0.0,0.0,203210.0,PF,1.4,1.2,2.6,0.11,-0.5,-1.0,-1.5,0.1,2020-21
69,Aron Baynes,2020,7150000.0,33.0,0.5577427821522309,11.452380952380953,1.5952380952380953,5.642857142857143,0.23809523809523808,0.5476190476190477,22.238095238095237,0.0,0.0,203382.0,C,1.3,0.8,2.1,0.107,-0.2,-0.8,-1.0,0.2,2019-20
70,Nerlens Noel,2021,10666666.666666666,27.0,0.6143497757847534,5.0625,0.71875,6.359375,1.09375,2.203125,24.171875,0.0,0.0,203457.0,C,1.6,3.6,5.2,0.162,-2.4,3.8,1.4,1.3,2020-21
71,Nerlens Noel,2023,3100000.0,29.0,0.375,2.0588235294117645,0.5882352941176471,2.7058823529411766,0.9411764705882353,0.5882352941176471,11.470588235294118,0.0,0.0,203457.0,C,-0.3,0.3,0.0,0.007,-6.5,2.6,-3.8,-0.1,2022-23
72,Alex Len,2021,3825000.0,28.0,0.6294964028776978,6.609375,0.765625,4.0625,0.3125,1.0,15.296875,0.0,0.0,203458.0,C,1.5,1.3,2.7,0.133,-1.2,1.0,-0.1,0.5,2020-21
73,Cody Zeller,2023,3100000.0,30.0,0.6271186440677966,6.533333333333333,0.6666666666666666,4.266666666666667,0.2,0.26666666666666666,14.466666666666667,0.0,0.0,203469.0,C,0.4,0.3,0.7,0.147,-2.0,-0.7,-2.8,0.0,2022-23
76,Dewayne Dedmon,2022,4500000.0,32.0,0.5982758620689655,6.298507462686567,0.7014925373134329,5.7611940298507465,0.3582089552238806,0.6268656716417911,15.895522388059701,0.0,0.0,203473.0,C,1.5,2.0,3.5,0.157,-2.2,1.1,-1.0,0.3,2021-22
77,Gorgui Dieng,2021,4000000.0,31.0,0.6134969325153374,6.7894736842105265,1.263157894736842,3.6842105263157894,0.6842105263157895,0.42105263157894735,14.552631578947368,0.0,0.0,203476.0,C,1.3,0.8,2.1,0.185,1.8,1.5,3.4,0.7,2020-21
78,Kelly Olynyk,2021,12333333.333333334,30.0,0.5738880918220947,13.5,2.9,6.985714285714286,1.1285714285714286,0.6,28.52857142857143,0.0,0.0,203482.0,C-PF,2.5,2.6,5.1,0.121,0.3,0.9,1.2,1.6,2020-21
79,Kentavious Caldwell-Pope,2020,13333333.333333334,27.0,0.5581854043392505,9.347826086956522,1.608695652173913,2.0579710144927534,0.8260869565217391,0.2028985507246377,25.536231884057973,0.0,0.0,203484.0,SG,1.9,1.9,3.7,0.102,-1.2,0.4,-0.8,0.5,2019-20
80,Mason Plumlee,2020,8333333.333333333,30.0,0.6145833333333334,7.163934426229508,2.5245901639344264,5.19672131147541,0.5409836065573771,0.6229508196721312,17.327868852459016,0.0,0.0,203486.0,C,2.0,1.4,3.4,0.153,0.3,1.7,2.0,1.1,2019-20
81,Mason Plumlee,2023,5000000.0,33.0,0.6797520661157025,10.848101265822784,3.1012658227848102,8.860759493670885,0.5822784810126582,0.5949367088607594,25.9873417721519,0.0,0.0,203486.0,C,5.5,2.4,7.9,0.185,1.2,1.0,2.2,2.2,2022-23
82,Mike Muscala,2021,3500000.0,29.0,0.5730337078651685,9.685714285714285,0.8,3.7714285714285714,0.22857142857142856,0.3142857142857143,18.428571428571427,0.0,0.0,203488.0,C,0.9,0.4,1.3,0.096,0.9,-1.0,-0.1,0.3,2020-21
83,Tim Hardaway Jr.,2021,18000000.0,29.0,0.5603732162458837,16.614285714285714,1.8,3.2714285714285714,0.44285714285714284,0.15714285714285714,28.357142857142858,0.0,0.0,203501.0,SG,3.2,1.2,4.3,0.105,2.0,-1.7,0.4,1.2,2020-21
84,Victor Oladipo,2022,11000000.0,30.0,0.5821917808219178,12.375,3.5,2.875,0.625,0.125,21.625,0.0,0.0,203506.0,SG,0.2,0.2,0.4,0.124,1.8,-0.5,1.3,0.1,2021-22
85,Raul Neto,2020,1800000.0,28.0,0.5315315315315315,5.092592592592593,1.7592592592592593,1.1296296296296295,0.4444444444444444,0.1111111111111111,12.37037037037037,0.0,0.0,203526.0,PG,0.5,0.6,1.2,0.083,-1.2,-0.6,-1.8,0.0,2019-20
86,Seth Curry,2023,4000000.0,32.0,0.5679287305122495,9.19672131147541,1.6229508196721312,1.639344262295082,0.5901639344262295,0.11475409836065574,19.852459016393443,0.0,0.0,203552.0,SG,0.9,0.9,1.8,0.07,-1.2,-0.9,-2.1,0.0,2022-23
87,Zach LaVine,2022,43040000.0,27.0,0.5543844856661045,24.402985074626866,4.522388059701493,4.597014925373134,0.6119402985074627,0.34328358208955223,34.74626865671642,1.0,0.0,203897.0,SG,4.5,1.3,5.8,0.12,3.9,-1.5,2.4,2.6,2021-22
88,Elfrid Payton,2020,5000000.0,26.0,0.45454545454545453,9.977777777777778,7.177777777777778,4.711111111111111,1.5555555555555556,0.37777777777777777,27.68888888888889,0.0,0.0,203901.0,PG,0.5,1.2,1.7,0.065,-0.4,0.4,0.0,0.6,2019-20
89,Jordan Clarkson,2020,13000000.0,28.0,0.5420991926182238,15.183098591549296,1.9154929577464788,2.6338028169014085,0.647887323943662,0.22535211267605634,24.014084507042252,0.0,0.0,203903.0,SG,2.4,1.0,3.4,0.096,2.4,-1.3,1.1,1.3,2019-20
90,Jordan Clarkson,2023,18333333.33333333,31.0,0.5193986420950534,20.83606557377049,4.426229508196721,4.032786885245901,0.5409836065573771,0.21311475409836064,32.59016393442623,0.0,0.0,203903.0,SG,0.9,0.8,1.7,0.042,1.0,-2.4,-1.4,0.3,2022-23
91,Gary Harris,2022,13000000.0,27.0,0.538878842676311,11.131147540983607,1.7704918032786885,2.0,0.9672131147540983,0.14754098360655737,28.360655737704917,0.0,0.0,203914.0,SG,1.1,1.0,2.2,0.06,-2.0,-0.4,-2.4,-0.2,2021-22
92,Spencer Dinwiddie,2021,20666666.666666668,28.0,0.4375,6.666666666666667,3.0,4.333333333333333,0.6666666666666666,0.3333333333333333,21.333333333333332,0.0,0.0,203915.0,SG,0.0,0.1,0.1,0.045,-2.4,2.6,0.2,0.0,2020-21
93,Rodney Hood,2020,10500000.0,27.0,0.6075581395348837,10.952380952380953,1.5238095238095237,3.4285714285714284,0.8095238095238095,0.19047619047619047,29.476190476190474,0.0,0.0,203918.0,SF,0.9,0.2,1.1,0.084,-0.4,-0.5,-0.9,0.2,2019-20
94,Khem Birch,2021,6666666.666666667,28.0,0.5144736842105263,7.1940298507462686,1.328358208955224,5.776119402985074,0.7164179104477612,0.746268656716418,22.82089552238806,0.0,0.0,203920.0,C,2.3,1.4,3.8,0.118,-1.0,0.1,-1.0,0.4,2020-21
95,Jerami Grant,2020,20000000.0,26.0,0.555205047318612,11.985915492957746,1.2394366197183098,3.492957746478873,0.704225352112676,0.8028169014084507,26.64788732394366,0.0,0.0,203924.0,PF,2.8,1.6,4.4,0.111,0.1,-0.6,-0.5,0.7,2019-20
96,Jerami Grant,2023,32000000.0,29.0,0.5542168674698795,20.476190476190474,2.380952380952381,4.492063492063492,0.8095238095238095,0.8412698412698413,35.65079365079365,0.0,0.0,203924.0,PF,3.1,1.0,4.1,0.087,1.2,-1.4,-0.2,1.0,2022-23
97,Joe Harris,2020,18750000.0,28.0,0.5956632653061225,14.46376811594203,2.0869565217391304,4.318840579710145,0.5942028985507246,0.2463768115942029,30.768115942028984,0.0,0.0,203925.0,SF,2.5,1.8,4.3,0.097,0.4,-0.6,-0.2,1.0,2019-20
98,Doug McDermott,2021,14000000.0,29.0,0.6157894736842106,13.621212121212121,1.2878787878787878,3.3484848484848486,0.30303030303030304,0.09090909090909091,24.53030303030303,0.0,0.0,203926.0,PF,3.1,0.7,3.8,0.112,1.4,-2.0,-0.6,0.6,2020-21
99,Kyle Anderson,2022,9000000.0,28.0,0.4840085287846482,7.550724637681159,2.652173913043478,5.333333333333333,1.1159420289855073,0.6521739130434783,21.507246376811594,0.0,0.0,203937.0,PF,1.0,2.5,3.5,0.113,-0.9,2.1,1.2,1.2,2021-22
103,Joe Ingles,2022,6500000.0,34.0,0.5403508771929825,7.222222222222222,3.511111111111111,2.911111111111111,0.5111111111111111,0.1111111111111111,24.933333333333334,0.0,0.0,204060.0,SF,1.3,0.9,2.2,0.094,-0.7,0.5,-0.3,0.5,2021-22
104,Joe Ingles,2023,11000000.0,35.0,0.6028225806451613,6.891304347826087,3.260869565217391,2.782608695652174,0.717391304347826,0.13043478260869565,22.695652173913043,0.0,0.0,204060.0,SF,1.1,1.2,2.3,0.107,-1.6,0.8,-0.7,0.3,2022-23
105,T.J. McConnell,2021,8800000.0,29.0,0.5744897959183674,8.63768115942029,6.608695652173913,3.710144927536232,1.855072463768116,0.3333333333333333,26.028985507246375,0.0,0.0,204456.0,PG,2.6,2.2,4.8,0.128,-0.2,1.7,1.4,1.5,2020-21
106,Tyus Jones,2022,15000000.0,26.0,0.5235507246376812,8.657534246575343,4.438356164383562,2.410958904109589,0.9041095890410958,0.0273972602739726,21.21917808219178,0.0,0.0,1626145.0,PG,3.4,1.6,5.1,0.158,1.2,0.5,1.7,1.4,2021-22
107,Montrezl Harrell,2020,9500000.0,26.0,0.5800492610837439,18.61904761904762,1.6984126984126984,7.063492063492063,0.6190476190476191,1.1428571428571428,27.761904761904763,0.0,0.0,1626149.0,C,4.4,2.5,7.0,0.191,2.5,0.5,2.9,2.2,2019-20
108,Delon Wright,2022,8000000.0,30.0,0.5353159851301115,4.441558441558442,2.4415584415584415,2.857142857142857,1.2077922077922079,0.24675324675324675,18.87012987012987,0.0,0.0,1626153.0,SG,2.2,1.5,3.6,0.121,-0.2,2.4,2.2,1.6,2021-22
109,D'Angelo Russell,2023,18500000.0,27.0,0.5717299578059072,17.788732394366196,6.154929577464789,3.028169014084507,0.9859154929577465,0.4084507042253521,32.45070422535211,0.0,0.0,1626156.0,PG,3.1,1.9,5.1,0.106,2.1,-0.7,1.5,2.0,2022-23
110,Richaun Holmes,2021,13750000.0,27.0,0.6382608695652174,14.245901639344263,1.6557377049180328,8.262295081967213,0.639344262295082,1.5737704918032787,29.19672131147541,0.0,0.0,1626158.0,C,4.7,1.4,6.1,0.165,0.6,0.0,0.6,1.2,2020-21
111,Willie Cauley-Stein,2020,4100000.0,26.0,0.5794701986754967,7.222222222222222,1.2962962962962963,5.833333333333333,0.9074074074074074,1.1296296296296295,20.314814814814813,0.0,0.0,1626161.0,C,1.5,1.5,2.9,0.128,-1.2,1.7,0.5,0.7,2019-20
112,Kelly Oubre Jr.,2021,12500000.0,25.0,0.5013812154696132,15.436363636363636,1.3272727272727274,5.9818181818181815,1.0363636363636364,0.7636363636363637,30.69090909090909,0.0,0.0,1626162.0,SF,0.0,2.2,2.2,0.062,-1.4,-0.5,-1.9,0.0,2020-21
113,Cameron Payne,2021,6333333.333333333,26.0,0.5759493670886076,8.416666666666666,3.6166666666666667,2.4,0.6,0.26666666666666666,17.983333333333334,0.0,0.0,1626166.0,PG,2.4,1.2,3.6,0.158,2.1,1.0,3.1,1.4,2020-21
114,Trey Lyles,2021,2500000.0,25.0,0.5555555555555556,5.0,0.6086956521739131,3.739130434782609,0.2608695652173913,0.043478260869565216,15.565217391304348,0.0,0.0,1626168.0,PF,0.3,0.3,0.6,0.085,-1.3,-0.5,-1.8,0.0,2020-21
115,Trey Lyles,2023,8000000.0,27.0,0.5649509803921569,7.594594594594595,0.8918918918918919,4.054054054054054,0.36486486486486486,0.4189189189189189,16.85135135135135,0.0,0.0,1626168.0,PF,1.4,1.2,2.6,0.098,0.0,-0.9,-1.0,0.3,2022-23
116,Bobby Portis,2020,3750000.0,25.0,0.5067911714770797,10.121212121212121,1.4848484848484849,5.121212121212121,0.48484848484848486,0.2727272727272727,21.12121212121212,0.0,0.0,1626171.0,PF,0.9,1.0,1.9,0.064,0.0,-1.1,-1.1,0.3,2019-20
117,Bobby Portis,2021,4500000.0,26.0,0.5852842809364549,11.424242424242424,1.0757575757575757,7.0606060606060606,0.7878787878787878,0.3939393939393939,20.78787878787879,0.0,0.0,1626171.0,C,2.8,2.0,4.8,0.167,1.8,-0.4,1.5,1.2,2020-21
118,Bobby Portis,2022,12250000.0,27.0,0.5551090700344432,14.61111111111111,1.1944444444444444,9.125,0.7361111111111112,0.7083333333333334,28.166666666666668,0.0,0.0,1626171.0,C,2.9,2.6,5.5,0.131,1.2,-1.0,0.2,1.1,2021-22
119,Kevon Looney,2022,8500000.0,26.0,0.5714285714285714,5.987804878048781,2.0121951219512195,7.2682926829268295,0.6097560975609756,0.6341463414634146,21.121951219512194,0.0,0.0,1626172.0,C,3.5,3.2,6.8,0.187,-0.9,1.7,0.9,1.3,2021-22
120,Christian Wood,2020,13666666.666666666,24.0,0.6200787401574803,13.064516129032258,0.967741935483871,6.290322580645161,0.5483870967741935,0.8709677419354839,21.370967741935484,0.0,0.0,1626174.0,PF,3.6,1.5,5.1,0.183,3.5,-0.3,3.1,1.7,2019-20
121,Norman Powell,2021,18000000.0,28.0,0.5702614379084967,18.594202898550726,1.8695652173913044,3.1159420289855073,1.1884057971014492,0.2608695652173913,31.971014492753625,0.0,0.0,1626181.0,SG-SF,3.4,1.3,4.7,0.103,1.1,-0.7,0.4,1.3,2020-21
122,Pat Connaughton,2020,5333333.333333333,27.0,0.5465116279069767,5.373134328358209,1.5970149253731343,4.2388059701492535,0.373134328358209,0.4626865671641791,18.55223880597015,0.0,0.0,1626192.0,SG,1.1,2.3,3.4,0.13,-0.9,1.5,0.6,0.8,2019-20
123,Josh Richardson,2023,3000000.0,29.0,0.5279783393501805,10.061538461538461,2.6769230769230767,2.6923076923076925,1.0615384615384615,0.3076923076923077,23.53846153846154,0.0,0.0,1626196.0,SG,0.6,1.1,1.8,0.055,-1.0,-0.1,-1.2,0.3,2022-23
124,Malik Beasley,2020,15000000.0,23.0,0.5252808988764045,11.181818181818182,1.3636363636363635,2.690909090909091,0.7272727272727273,0.14545454545454545,21.98181818181818,0.0,0.0,1627736.0,SG,0.4,0.8,1.2,0.049,-0.7,-1.4,-2.1,0.0,2019-20
125,Kris Dunn,2020,5000000.0,26.0,0.4868421052631579,7.313725490196078,3.392156862745098,3.6470588235294117,1.9803921568627452,0.3333333333333333,24.88235294117647,0.0,0.0,1627739.0,PG,0.3,2.0,2.3,0.085,-3.8,3.1,-0.6,0.4,2019-20
126,Brandon Ingram,2020,31600000.0,22.0,0.531021897810219,23.822580645161292,4.17741935483871,6.129032258064516,0.9838709677419355,0.6129032258064516,33.91935483870968,1.0,0.0,1627742.0,PF,3.3,1.8,5.1,0.115,2.5,-0.4,2.1,2.2,2019-20
127,Caris LeVert,2023,16000000.0,28.0,0.5168463611859838,12.121621621621621,3.8783783783783785,3.810810810810811,0.972972972972973,0.32432432432432434,30.22972972972973,0.0,0.0,1627747.0,SG,1.4,3.1,4.4,0.095,-1.0,0.8,-0.2,1.0,2022-23
128,Jakob Poeltl,2020,9000000.0,24.0,0.6240601503759399,5.636363636363637,1.7575757575757576,5.681818181818182,0.5606060606060606,1.4393939393939394,17.742424242424242,0.0,0.0,1627751.0,C,2.4,1.6,4.0,0.163,0.5,2.0,2.5,1.3,2019-20
129,Jakob Poeltl,2023,20000000.0,27.0,0.6294498381877023,12.458333333333334,2.736111111111111,9.069444444444445,0.9166666666666666,1.1944444444444444,26.47222222222222,0.0,0.0,1627751.0,C,3.7,2.2,6.0,0.15,1.1,0.8,1.9,1.9,2022-23
130,Taurean Prince,2023,4500000.0,29.0,0.5646437994722955,9.12962962962963,1.5555555555555556,2.4444444444444446,0.5185185185185185,0.2777777777777778,22.09259259259259,0.0,0.0,1627752.0,PF,0.3,1.0,1.3,0.052,-2.6,-0.6,-3.3,-0.4,2022-23
131,Denzel Valentine,2020,4700000.0,26.0,0.5063291139240507,6.833333333333333,1.1944444444444444,2.0555555555555554,0.7222222222222222,0.16666666666666666,13.555555555555555,0.0,0.0,1627756.0,SF,-0.1,0.6,0.5,0.048,-0.8,0.2,-0.6,0.2,2019-20
132,Georges Niang,2021,3350000.0,28.0,0.5901234567901235,6.944444444444445,0.8194444444444444,2.4444444444444446,0.3472222222222222,0.1111111111111111,16.02777777777778,0.0,0.0,1627777.0,PF,1.2,1.4,2.6,0.108,-0.4,0.1,-0.3,0.5,2020-21
133,Georges Niang,2023,8666666.666666666,30.0,0.5956175298804781,8.166666666666666,0.9871794871794872,2.371794871794872,0.38461538461538464,0.1794871794871795,19.384615384615383,0.0,0.0,1627777.0,PF,1.1,1.4,2.5,0.078,-0.4,-1.0,-1.4,0.2,2022-23
134,Gary Payton II,2022,9333333.333333334,29.0,0.6787790697674418,7.070422535211268,0.9014084507042254,3.4788732394366195,1.352112676056338,0.30985915492957744,17.577464788732396,0.0,0.0,1627780.0,SG,2.5,2.6,5.2,0.199,0.3,3.4,3.7,1.8,2021-22
135,Furkan Korkmaz,2021,5000000.0,23.0,0.5200471698113207,9.10909090909091,1.490909090909091,2.0545454545454547,0.8909090909090909,0.16363636363636364,19.30909090909091,0.0,0.0,1627788.0,SG,0.6,1.5,2.0,0.092,-0.3,0.2,-0.1,0.5,2020-21
137,Fred VanVleet,2020,21250000.0,26.0,0.5071151358344114,17.62962962962963,6.611111111111111,3.759259259259259,1.8518518518518519,0.3148148148148148,35.7037037037037,0.0,0.0,1627832.0,SG,2.8,3.1,5.8,0.145,1.3,1.4,2.7,2.3,2019-20
138,Fred VanVleet,2023,43333333.333333336,29.0,0.48606115107913667,19.347826086956523,7.173913043478261,4.057971014492754,1.7826086956521738,0.5507246376811594,36.73913043478261,0.0,0.0,1627832.0,PG,3.7,2.8,6.5,0.123,2.0,0.5,2.5,2.9,2022-23
139,Abdel Nader,2021,2100000.0,27.0,0.5689655172413793,6.666666666666667,0.7916666666666666,2.5833333333333335,0.4166666666666667,0.375,14.791666666666666,0.0,0.0,1627846.0,SF,0.3,0.4,0.7,0.095,-1.0,1.0,0.0,0.2,2020-21
140,Danuel House Jr.,2022,4250000.0,29.0,0.5151515151515151,5.904761904761905,1.0476190476190477,2.642857142857143,0.5,0.40476190476190477,17.30952380952381,0.0,0.0,1627863.0,SF,0.4,0.7,1.0,0.068,-1.3,0.2,-1.1,0.2,2021-22
141,Derrick Jones Jr.,2020,9500000.0,23.0,0.5802292263610315,8.474576271186441,1.0508474576271187,3.9491525423728815,0.9830508474576272,0.6440677966101694,23.305084745762713,0.0,0.0,1627884.0,SF,2.6,1.8,4.4,0.153,-0.3,1.1,0.7,1.0,2019-20
142,Derrick Jones Jr.,2022,3300000.0,25.0,0.5897435897435898,5.607843137254902,0.5882352941176471,3.3137254901960786,0.49019607843137253,0.6470588235294118,17.627450980392158,0.0,0.0,1627884.0,PF,1.4,0.8,2.2,0.119,-1.5,0.5,-0.9,0.2,2021-22
143,Alex Caruso,2021,37000000.0,27.0,0.5262295081967213,6.379310344827586,2.7586206896551726,2.9310344827586206,1.103448275862069,0.25862068965517243,20.96551724137931,0.0,0.0,1627936.0,PG,0.3,2.1,2.4,0.095,-2.5,2.5,0.0,0.6,2020-21
144,David Nwaba,2021,5000000.0,28.0,0.5252293577981652,9.2,1.0333333333333334,3.933333333333333,1.0,0.7,22.633333333333333,0.0,0.0,1628021.0,SF,0.7,0.6,1.3,0.094,-1.4,0.6,-0.8,0.2,2020-21
145,Lonzo Ball,2021,21250000.0,23.0,0.5371428571428571,14.581818181818182,5.745454545454545,4.781818181818182,1.490909090909091,0.5636363636363636,31.763636363636362,0.0,0.0,1628366.0,PG,1.5,1.7,3.2,0.089,1.4,0.3,1.7,1.6,2020-21
146,Malik Monk,2022,9500000.0,24.0,0.5780871670702179,13.789473684210526,2.8684210526315788,3.3684210526315788,0.8026315789473685,0.3815789473684211,28.13157894736842,0.0,0.0,1628370.0,SG,2.3,1.4,3.6,0.081,0.5,-1.0,-0.5,0.8,2021-22
147,Lauri Markkanen,2021,16750000.0,24.0,0.5940499040307101,13.627450980392156,0.8823529411764706,5.254901960784314,0.5098039215686274,0.29411764705882354,25.823529411764707,0.0,0.0,1628374.0,PF,1.7,1.3,3.0,0.109,1.0,-0.9,0.1,0.7,2020-21
149,John Collins,2021,25000000.0,23.0,0.6102464332036317,17.634920634920636,1.2380952380952381,7.412698412698413,0.5396825396825397,1.0,29.333333333333332,0.0,0.0,1628381.0,PF,4.8,1.9,6.7,0.174,2.5,-0.2,2.3,2.0,2020-21
150,Jarrett Allen,2021,20000000.0,23.0,0.6244813278008299,12.793650793650794,1.6825396825396826,10.015873015873016,0.5079365079365079,1.4285714285714286,29.58730158730159,0.0,0.0,1628386.0,C,4.3,2.1,6.4,0.166,1.3,-0.2,1.1,1.4,2020-21
151,Isaiah Hartenstein,2022,8000000.0,24.0,0.644808743169399,8.279411764705882,2.3529411764705883,4.882352941176471,0.7352941176470589,1.1323529411764706,17.88235294117647,0.0,0.0,1628392.0,C,3.3,2.2,5.5,0.215,1.4,3.1,4.5,2.0,2021-22
152,Kyle Kuzma,2023,25500000.0,27.0,0.5183887915936952,21.203125,3.734375,7.234375,0.5625,0.453125,34.984375,0.0,0.0,1628398.0,PF,-1.0,1.9,0.9,0.019,-0.2,-1.5,-1.7,0.2,2022-23
153,Josh Hart,2021,12666666.666666666,26.0,0.5305232558139535,9.23404255319149,2.3191489361702127,8.02127659574468,0.8085106382978723,0.2553191489361702,28.72340425531915,0.0,0.0,1628404.0,SF,1.4,1.3,2.7,0.097,-1.1,0.3,-0.8,0.4,2020-21
154,Dillon Brooks,2023,20000000.0,27.0,0.46770938446014126,14.342465753424657,2.589041095890411,3.3424657534246576,0.8904109589041096,0.2191780821917808,30.328767123287673,0.0,0.0,1628415.0,SF,-0.8,2.4,1.6,0.034,-3.4,-0.5,-3.9,-1.1,2022-23
155,Thomas Bryant,2023,2700000.0,25.0,0.6585365853658537,9.813559322033898,0.5254237288135594,5.745762711864407,0.2711864406779661,0.5084745762711864,18.338983050847457,0.0,0.0,1628418.0,C,2.7,1.4,4.1,0.183,1.1,-0.5,0.6,0.7,2022-23
156,Damyean Dotson,2020,2000000.0,26.0,0.5155172413793103,6.6875,1.1875,1.8958333333333333,0.4791666666666667,0.08333333333333333,17.416666666666668,0.0,0.0,1628422.0,SG,0.6,0.4,0.9,0.053,-0.9,-0.5,-1.4,0.1,2019-20
157,Sterling Brown,2021,3100000.0,26.0,0.5835820895522388,8.156862745098039,1.411764705882353,4.392156862745098,0.7450980392156863,0.23529411764705882,24.098039215686274,0.0,0.0,1628425.0,SG,1.0,0.8,1.8,0.071,-1.6,0.0,-1.6,0.1,2020-21
158,Chris Boucher,2020,6750000.0,27.0,0.5351170568561873,6.629032258064516,0.41935483870967744,4.467741935483871,0.3548387096774194,0.9838709677419355,13.209677419354838,0.0,0.0,1628449.0,C,2.1,1.8,3.8,0.224,1.0,1.0,2.0,0.8,2019-20
159,Chris Boucher,2022,11766666.666666666,29.0,0.5233968804159446,9.425,0.3125,6.175,0.6125,0.9375,21.125,0.0,0.0,1628449.0,SF,3.5,2.4,6.0,0.169,0.5,-0.4,0.1,0.9,2021-22
160,Daniel Theis,2021,9000000.0,29.0,0.5933476394849786,9.646153846153846,1.6615384615384616,5.476923076923077,0.6307692307692307,0.8769230769230769,24.630769230769232,0.0,0.0,1628464.0,C,2.4,1.8,4.3,0.128,-0.7,0.7,0.0,0.8,2020-21
161,Torrey Craig,2021,5000000.0,30.0,0.566079295154185,5.48,0.98,3.94,0.56,0.54,16.06,0.0,0.0,1628470.0,SF,1.1,1.1,2.2,0.133,-0.3,0.7,0.4,0.5,2020-21
162,Marvin Bagley III,2022,12333333.333333334,23.0,0.5302690582959642,11.25,0.75,7.041666666666667,0.4583333333333333,0.375,23.875,0.0,0.0,1628963.0,PF,1.2,0.9,2.0,0.084,-0.5,-1.8,-2.3,-0.1,2021-22
163,Mo Bamba,2022,10500000.0,24.0,0.56645056726094,10.647887323943662,1.1971830985915493,8.056338028169014,0.5352112676056338,1.6619718309859155,25.690140845070424,0.0,0.0,1628964.0,C,1.8,2.7,4.5,0.118,-0.2,0.9,0.7,1.2,2021-22
164,Keita Bates-Diop,2023,2500000.0,27.0,0.567741935483871,9.656716417910447,1.537313432835821,3.701492537313433,0.6865671641791045,0.29850746268656714,21.686567164179106,0.0,0.0,1628966.0,PF,2.1,0.6,2.7,0.089,0.3,-0.9,-0.6,0.5,2022-23
166,Bruce Brown,2021,4700000.0,24.0,0.5756501182033097,8.815384615384616,1.6,5.369230769230769,0.8923076923076924,0.4307692307692308,22.323076923076922,0.0,0.0,1628971.0,PG,2.8,1.5,4.4,0.144,-0.4,0.2,-0.1,0.7,2020-21
167,Bruce Brown,2022,6500000.0,25.0,0.5434782608695652,8.98611111111111,2.0555555555555554,4.791666666666667,1.0694444444444444,0.7222222222222222,24.63888888888889,0.0,0.0,1628971.0,SF,2.8,2.0,4.8,0.13,-0.4,1.1,0.7,1.2,2021-22
168,Bruce Brown,2023,22500000.0,26.0,0.5445344129554656,11.5375,3.35,4.1,1.0875,0.6375,28.4875,0.0,0.0,1628971.0,SF,1.7,2.6,4.3,0.09,-1.1,0.6,-0.5,0.9,2022-23
169,Troy Brown Jr.,2023,4000000.0,23.0,0.5451612903225806,7.118421052631579,1.25,4.052631578947368,0.7763157894736842,0.21052631578947367,24.473684210526315,0.0,0.0,1628972.0,SF,1.0,2.0,2.9,0.075,-1.8,0.8,-1.0,0.5,2022-23
170,Jalen Brunson,2022,26000000.0,25.0,0.5486111111111112,16.265822784810126,4.772151898734177,3.911392405063291,0.8354430379746836,0.0379746835443038,31.949367088607595,0.0,0.0,1628973.0,SG,4.9,2.7,7.5,0.143,0.9,0.0,0.9,1.9,2021-22
171,Jevon Carter,2023,6666666.666666667,27.0,0.5486725663716814,8.037037037037036,2.432098765432099,2.493827160493827,0.8148148148148148,0.35802469135802467,22.37037037037037,0.0,0.0,1628975.0,PG,1.2,2.3,3.5,0.092,-1.9,1.2,-0.6,0.6,2022-23
172,Hamidou Diallo,2021,5200000.0,22.0,0.5063829787234042,11.615384615384615,1.9423076923076923,5.230769230769231,0.7884615384615384,0.46153846153846156,23.576923076923077,0.0,0.0,1628977.0,SG-SF,0.3,1.3,1.6,0.063,-2.2,0.1,-2.1,0.0,2020-21
173,Donte DiVincenzo,2022,4650000.0,25.0,0.46130952380952384,9.047619047619047,2.8095238095238093,4.0476190476190474,1.1428571428571428,0.19047619047619047,23.928571428571427,0.0,0.0,1628978.0,SG,-0.1,0.9,0.7,0.035,-1.8,-0.5,-2.3,-0.1,2021-22
174,Donte DiVincenzo,2023,12500000.0,26.0,0.5740740740740741,9.416666666666666,3.5,4.513888888888889,1.3472222222222223,0.1388888888888889,26.305555555555557,0.0,0.0,1628978.0,SG,1.9,2.3,4.2,0.106,-0.6,1.3,0.7,1.3,2022-23
175,Devonte' Graham,2021,11750000.0,26.0,0.5104633781763827,14.836363636363636,5.363636363636363,2.690909090909091,0.8727272727272727,0.10909090909090909,30.163636363636364,0.0,0.0,1628984.0,PG,2.5,0.9,3.4,0.099,1.8,-1.1,0.7,1.1,2020-21
177,Caleb Martin,2022,6666666.666666667,26.0,0.5853658536585366,9.183333333333334,1.0666666666666667,3.8333333333333335,0.9666666666666667,0.5,22.866666666666667,0.0,0.0,1628997.0,SF,1.9,2.1,4.0,0.139,0.1,0.9,1.1,1.1,2021-22
178,Cody Martin,2022,8000000.0,26.0,0.5543735224586288,7.661971830985915,2.5211267605633805,4.014084507042254,1.2394366197183098,0.4507042253521127,26.281690140845072,0.0,0.0,1628998.0,SF,2.4,1.5,3.9,0.101,-1.2,0.7,-0.5,0.7,2021-22
179,De'Anthony Melton,2020,8750000.0,22.0,0.4513715710723192,7.583333333333333,2.9166666666666665,3.6666666666666665,1.2833333333333334,0.3333333333333333,19.45,0.0,0.0,1629001.0,PG,0.1,1.7,1.7,0.072,-2.2,2.0,-0.2,0.5,2019-20
180,Shake Milton,2023,5000000.0,26.0,0.5347912524850894,8.381578947368421,3.1578947368421053,2.513157894736842,0.32894736842105265,0.17105263157894737,20.61842105263158,0.0,0.0,1629003.0,SG,1.6,1.2,2.9,0.087,-1.0,-0.9,-2.0,0.0,2022-23
181,Mitchell Robinson,2022,15000000.0,24.0,0.760932944606414,8.472222222222221,0.5277777777777778,8.569444444444445,0.8055555555555556,1.8472222222222223,25.666666666666668,0.0,0.0,1629011.0,C,5.3,3.2,8.5,0.221,1.0,1.2,2.2,2.0,2021-22
182,Anfernee Simons,2022,25000000.0,23.0,0.555207026348808,17.333333333333332,3.8771929824561404,2.6491228070175437,0.5263157894736842,0.10526315789473684,29.49122807017544,0.0,0.0,1629014.0,SG,2.0,-0.1,1.9,0.055,1.9,-2.7,-0.7,0.5,2021-22
183,Gary Trent Jr.,2021,18000000.0,22.0,0.5127388535031847,15.310344827586206,1.3793103448275863,2.6206896551724137,0.9655172413793104,0.1724137931034483,31.06896551724138,0.0,0.0,1629018.0,SG,1.0,0.7,1.7,0.045,-0.5,-1.7,-2.3,-0.1,2020-21
184,Jarred Vanderbilt,2021,4600000.0,22.0,0.6080508474576272,5.375,1.1875,5.75,1.0,0.71875,17.796875,0.0,0.0,1629020.0,PF,1.6,1.5,3.1,0.132,-1.4,1.4,-0.1,0.5,2020-21
185,Lonnie Walker IV,2022,6500000.0,23.0,0.47971204188481675,12.128571428571428,2.1714285714285713,2.585714285714286,0.6285714285714286,0.2714285714285714,23.02857142857143,0.0,0.0,1629022.0,SG,0.1,1.1,1.2,0.037,-1.2,-1.3,-2.5,-0.2,2021-22
186,Deandre Ayton,2022,33250000.0,23.0,0.639167862266858,17.189655172413794,1.4482758620689655,10.224137931034482,0.6896551724137931,0.6896551724137931,29.53448275862069,0.0,0.0,1629028.0,C,4.1,3.1,7.3,0.203,2.2,0.6,2.8,2.1,2021-22
187,Rui Hachimura,2023,17000000.0,25.0,0.5299657534246576,11.222222222222221,0.9206349206349206,4.492063492063492,0.30158730158730157,0.4126984126984127,23.26984126984127,0.0,0.0,1629060.0,PF,0.6,1.3,1.8,0.06,-1.3,-1.0,-2.2,-0.1,2022-23
188,Jock Landale,2023,8000000.0,27.0,0.5593471810089021,6.608695652173913,0.9855072463768116,4.057971014492754,0.2318840579710145,0.43478260869565216,14.18840579710145,0.0,0.0,1629111.0,C,1.5,1.2,2.7,0.132,-0.7,-0.4,-1.1,0.2,2022-23
189,Duncan Robinson,2021,18000000.0,27.0,0.6136680613668062,13.083333333333334,1.7638888888888888,3.4722222222222223,0.5972222222222222,0.2777777777777778,31.416666666666668,0.0,0.0,1629130.0,SF,1.9,1.8,3.7,0.079,-0.2,-0.8,-1.0,0.6,2020-21
190,Kendrick Nunn,2021,5000000.0,25.0,0.5775075987841946,14.571428571428571,2.642857142857143,3.1964285714285716,0.9285714285714286,0.25,29.464285714285715,0.0,0.0,1629134.0,PG,1.4,1.5,2.9,0.084,-0.1,-0.4,-0.5,0.6,2020-21
191,Gabe Vincent,2021,1750000.0,25.0,0.47639484978540775,4.84,1.34,1.12,0.42,0.04,13.1,0.0,0.0,1629216.0,PG,-0.4,0.5,0.2,0.011,-4.5,-0.9,-5.4,-0.6,2020-21
192,Gabe Vincent,2023,11000000.0,27.0,0.5052910052910053,9.426470588235293,2.4558823529411766,2.1323529411764706,0.9117647058823529,0.07352941176470588,25.86764705882353,0.0,0.0,1629216.0,PG,-0.3,1.7,1.4,0.038,-3.1,-0.3,-3.4,-0.6,2022-23
193,Drew Eubanks,2020,1763333.3333333333,23.0,0.6492537313432836,4.863636363636363,0.6818181818181818,3.8636363636363638,0.22727272727272727,0.7727272727272727,12.363636363636363,0.0,0.0,1629234.0,C,0.5,0.3,0.8,0.134,-1.4,-0.4,-1.8,0.0,2019-20
194,Amir Coffey,2022,3666666.6666666665,25.0,0.555793991416309,8.971014492753623,1.7971014492753623,2.8550724637681157,0.5507246376811594,0.21739130434782608,22.71014492753623,0.0,0.0,1629599.0,SG,2.3,1.5,3.8,0.116,-0.3,0.0,-0.3,0.7,2021-22
195,Max Strus,2021,1750000.0,25.0,0.5882352941176471,6.051282051282051,0.6153846153846154,1.0512820512820513,0.28205128205128205,0.05128205128205128,13.0,0.0,0.0,1629622.0,SF,0.6,0.3,0.9,0.088,-0.5,-1.7,-2.2,0.0,2020-21
196,Max Strus,2023,15750000.0,27.0,0.5348101265822784,11.5375,2.1375,3.225,0.525,0.15,28.4,0.0,0.0,1629622.0,SF,1.5,1.9,3.4,0.071,-0.8,-0.9,-1.7,0.2,2022-23
197,Coby White,2023,11000000.0,23.0,0.5505050505050505,9.662162162162161,2.7567567567567566,2.864864864864865,0.7297297297297297,0.08108108108108109,23.37837837837838,0.0,0.0,1629632.0,SG,1.2,1.9,3.1,0.087,-1.0,0.2,-0.8,0.5,2022-23
198,Nickeil Alexander-Walker,2023,4500000.0,24.0,0.5474576271186441,6.1525423728813555,1.8305084745762712,1.7118644067796611,0.5423728813559322,0.3559322033898305,14.983050847457626,0.0,0.0,1629638.0,SG,0.3,0.8,1.1,0.062,-1.4,0.4,-0.9,0.2,2022-23
199,Luguentz Dort,2022,17500000.0,23.0,0.4931129476584022,17.19607843137255,1.7254901960784315,4.1568627450980395,0.9019607843137255,0.35294117647058826,32.64705882352941,0.0,0.0,1629652.0,SG,0.2,1.1,1.4,0.04,-1.5,-0.7,-2.3,-0.1,2021-22
200,Talen Horton-Tucker,2021,10666666.666666666,20.0,0.49591002044989774,9.0,2.7846153846153845,2.6,0.9692307692307692,0.3230769230769231,20.06153846153846,0.0,0.0,1629659.0,SG,-0.1,2.2,2.1,0.078,-2.6,1.5,-1.2,0.3,2020-21
201,Ty Jerome,2023,2500000.0,25.0,0.5599173553719008,6.866666666666666,3.0,1.7333333333333334,0.5111111111111111,0.1111111111111111,18.133333333333333,0.0,0.0,1629660.0,SG,1.4,0.7,2.1,0.124,-1.1,0.3,-0.8,0.3,2022-23
202,Cameron Johnson,2023,27000000.0,27.0,0.5791139240506329,15.476190476190476,1.8571428571428572,4.404761904761905,1.1904761904761905,0.3333333333333333,28.571428571428573,0.0,0.0,1629661.0,PF,2.1,1.4,3.5,0.142,2.0,0.6,2.6,1.4,2022-23
203,Jalen McDaniels,2023,4650000.0,25.0,0.5178282009724473,9.4375,1.625,4.325,1.0375,0.425,23.9125,0.0,0.0,1629667.0,SF,0.5,2.2,2.7,0.068,-2.7,0.6,-2.1,-0.1,2022-23
204,Jalen McDaniels,2023,4650000.0,25.0,0.5178282009724473,9.4375,1.625,4.325,1.0375,0.425,23.9125,0.0,0.0,1629667.0,SF,0.5,2.2,2.7,0.068,-2.7,0.6,-2.1,-0.1,2022-23
205,Jalen McDaniels,2023,4650000.0,25.0,0.5178282009724473,9.4375,1.625,4.325,1.0375,0.425,23.9125,0.0,0.0,1629667.0,SF,0.5,2.2,2.7,0.068,-2.7,0.6,-2.1,-0.1,2022-23
206,Jalen McDaniels,2023,4650000.0,25.0,0.5178282009724473,9.4375,1.625,4.325,1.0375,0.425,23.9125,0.0,0.0,1629667.0,SF,0.5,2.2,2.7,0.068,-2.7,0.6,-2.1,-0.1,2022-23
207,Grant Williams,2023,13500000.0,24.0,0.5745798319327731,8.113924050632912,1.6582278481012658,4.594936708860759,0.5189873417721519,0.3924050632911392,25.88607594936709,0.0,0.0,1629684.0,PF,1.9,2.6,4.4,0.104,-1.8,0.7,-1.1,0.5,2022-23
208,John Konchar,2020,2250000.0,24.0,0.7162162162162162,2.8421052631578947,1.1578947368421053,2.473684210526316,0.3684210526315789,0.15789473684210525,9.526315789473685,0.0,0.0,1629723.0,SG,0.5,0.2,0.7,0.182,2.5,2.0,4.5,0.3,2019-20
209,Tre Jones,2023,10000000.0,23.0,0.4892328398384926,12.867647058823529,6.588235294117647,3.6029411764705883,1.3088235294117647,0.1323529411764706,29.176470588235293,0.0,0.0,1630200.0,PG,2.6,0.8,3.4,0.082,-0.2,-0.8,-1.0,0.5,2022-23
210,Jae'Sean Tate,2022,7366666.666666667,26.0,0.5411522633744856,11.782051282051283,2.8461538461538463,5.384615384615385,0.9230769230769231,0.5256410256410257,26.358974358974358,0.0,0.0,1630256.0,PF,1.9,1.1,3.0,0.071,-1.3,-0.5,-1.8,0.1,2021-22
211,Herbert Jones,2023,13500000.0,24.0,0.5249500998003992,9.833333333333334,2.4545454545454546,4.075757575757576,1.5606060606060606,0.6363636363636364,29.560606060606062,0.0,0.0,1630529.0,PF,1.5,2.7,4.2,0.104,-1.9,1.7,-0.3,0.8,2022-23
212,Austin Reaves,2023,14000000.0,25.0,0.6163265306122448,13.015625,3.359375,3.015625,0.515625,0.296875,28.796875,0.0,0.0,1630559.0,SG,4.1,1.4,5.4,0.142,0.6,0.1,0.7,1.2,2022-23
213,Sandro Mamukelashvili,2023,2000000.0,24.0,0.48695652173913045,6.116279069767442,1.441860465116279,4.3023255813953485,0.32558139534883723,0.27906976744186046,15.348837209302326,0.0,0.0,1630572.0,C,0.4,0.5,0.9,0.063,-1.1,-1.3,-2.4,-0.1,2022-23
