,PLAYER_ID,SEASON_ID,LEAGUE_ID,TEAM_ID,TEAM_ABBREVIATION,PLAYER_AGE,GP,GS,MIN,FGM,FGA,FG_PCT,FG3M,FG3A,FG3_PCT,FTM,FTA,FT_PCT,OREB,DREB,REB,AST,STL,BLK,TOV,PF,PTS
0,2730,2019-20,00,1610612747,LAL,34.0,69,2,1306.0,202,277,0.729,3,5,0.6,110,214,0.514,172,335,507,45,31,79,84,222,517
1,101108,2020-21,00,1610612756,PHX,36.0,70,70,2200.0,439,879,0.499,102,258,0.395,169,181,0.934,25,287,312,622,99,19,156,166,1149
2,101150,2020-21,00,0,TOT,34.0,66,4,1423.0,265,646,0.41,69,173,0.399,150,173,0.867,21,117,138,225,47,6,108,62,749
3,200765,2019-20,00,1610612747,LAL,34.0,48,3,984.0,137,328,0.418,41,125,0.328,27,41,0.659,23,119,142,240,40,2,91,58,342
4,200768,2020-21,00,1610612761,TOR,35.0,46,46,1602.0,260,596,0.436,131,331,0.396,140,160,0.875,35,212,247,338,45,14,126,143,791
5,200782,2020-21,00,0,TOT,36.0,52,33,1356.0,66,177,0.373,40,119,0.336,21,28,0.75,51,153,204,61,39,20,40,125,193
6,200782,2021-22,00,1610612748,MIA,37.0,71,70,1981.0,207,428,0.484,80,193,0.415,45,61,0.738,100,287,387,149,58,15,66,161,539
7,200794,2019-20,00,1610612743,DEN,35.0,51,48,1240.0,211,438,0.482,54,124,0.435,115,141,0.816,98,195,293,83,44,30,70,150,591
8,201144,2020-21,00,1610612762,UTA,33.0,51,51,1498.0,284,640,0.444,138,335,0.412,121,142,0.852,36,141,177,305,70,9,99,98,827
9,201145,2020-21,00,1610612751,BKN,34.0,68,38,1835.0,261,530,0.492,103,250,0.412,125,161,0.776,34,229,263,108,36,27,54,122,750
10,201145,2022-23,00,1610612743,DEN,36.0,56,4,1091.0,160,328,0.488,30,104,0.288,87,117,0.744,38,106,144,69,18,17,46,99,437
11,201152,2021-22,00,0,TOT,34.0,52,1,845.0,141,272,0.518,17,48,0.354,23,49,0.469,80,128,208,104,54,18,52,81,322
12,201162,2019-20,00,1610612747,LAL,34.0,45,1,364.0,24,60,0.4,18,42,0.429,2,2,1.0,6,46,52,28,15,3,8,41,68
13,201188,2019-20,00,1610612761,TOR,35.0,44,43,1161.0,119,279,0.427,57,148,0.385,36,49,0.735,31,244,275,147,34,38,59,124,331
14,201565,2020-21,00,0,TOT,32.0,50,3,1279.0,287,611,0.47,50,129,0.388,110,127,0.866,20,110,130,209,49,19,78,56,734
15,201565,2022-23,00,1610612752,NYK,34.0,27,0,338.0,61,159,0.384,19,63,0.302,11,12,0.917,8,32,40,46,7,5,22,18,152
16,201566,2022-23,00,0,TOT,34.0,73,24,2126.0,432,991,0.436,89,286,0.311,206,314,0.656,89,334,423,551,76,33,255,162,1159
17,201568,2019-20,00,1610612760,OKC,31.0,62,62,1834.0,358,817,0.438,178,439,0.405,266,298,0.893,34,288,322,119,42,5,76,75,1160
18,201568,2021-22,00,1610612737,ATL,33.0,66,18,1672.0,259,597,0.434,112,294,0.381,141,156,0.904,35,273,308,101,28,12,38,93,771
19,201571,2019-20,00,1610612753,ORL,32.0,57,13,1420.0,184,461,0.399,70,201,0.348,161,181,0.89,22,100,122,262,34,1,86,72,599
20,201572,2022-23,00,1610612749,MIL,35.0,78,78,2372.0,477,899,0.531,136,364,0.374,149,190,0.784,157,363,520,99,37,193,107,203,1239
21,201577,2020-21,00,1610612764,WAS,33.0,71,9,1354.0,269,425,0.633,5,18,0.278,99,137,0.723,141,131,272,55,15,44,75,109,642
22,201580,2020-21,00,0,TOT,33.0,46,2,678.0,144,282,0.511,5,24,0.208,44,67,0.657,77,162,239,39,19,54,60,121,337
23,201580,2021-22,00,1610612756,PHX,34.0,74,17,1172.0,288,458,0.629,2,9,0.222,102,146,0.699,163,333,496,42,22,81,98,181,680
24,201586,2019-20,00,1610612761,TOR,30.0,55,27,1485.0,343,670,0.512,70,182,0.385,89,124,0.718,114,338,452,77,28,46,109,153,845
25,201587,2021-22,00,1610612746,LAC,33.0,59,54,1463.0,179,387,0.463,108,270,0.4,25,38,0.658,29,225,254,100,58,42,40,80,491
26,201588,2020-21,00,0,TOT,35.0,30,17,672.0,95,197,0.482,31,80,0.388,40,50,0.8,16,45,61,73,23,5,31,31,261
27,201609,2019-20,00,1610612748,MIA,34.0,59,3,1663.0,319,724,0.441,124,338,0.367,191,246,0.776,29,158,187,301,40,10,144,124,953
28,201935,2021-22,00,0,TOT,32.0,65,65,2420.0,407,992,0.41,148,448,0.33,470,536,0.877,55,445,500,667,82,36,284,153,1432
29,201937,2021-22,00,1610612739,CLE,31.0,34,8,970.0,149,411,0.363,59,174,0.339,88,103,0.854,15,126,141,225,49,7,90,75,445
30,201942,2020-21,00,1610612759,SAS,31.0,61,61,2056.0,455,920,0.495,19,74,0.257,387,440,0.88,40,219,259,422,56,15,119,128,1316
31,201959,2020-21,00,1610612752,NYK,36.0,45,3,936.0,99,158,0.627,3,15,0.2,40,55,0.727,99,151,250,36,31,49,22,99,241
32,201976,2022-23,00,0,TOT,34.0,67,67,1817.0,144,360,0.4,80,239,0.335,47,65,0.723,44,203,247,194,63,41,60,187,415
33,201988,2020-21,00,1610612759,SAS,32.0,68,1,1685.0,252,611,0.412,161,429,0.375,71,78,0.91,18,98,116,162,42,3,66,81,736
34,201988,2021-22,00,1610612751,BKN,33.0,81,48,2346.0,324,794,0.408,227,568,0.4,48,59,0.814,18,138,156,183,51,17,73,112,923
35,202066,2019-20,00,1610612751,BKN,34.0,62,35,1730.0,222,587,0.378,127,386,0.329,70,87,0.805,29,189,218,156,49,29,62,108,641
36,202083,2019-20,00,1610612749,MIL,33.0,67,67,1635.0,167,422,0.396,108,297,0.364,52,68,0.765,22,144,166,92,38,9,43,103,494
37,202324,2019-20,00,1610612740,NOP,28.0,51,49,1242.0,209,339,0.617,1,7,0.143,40,71,0.563,163,338,501,81,30,46,55,107,459
38,202330,2019-20,00,1610612738,BOS,30.0,52,52,1740.0,350,700,0.5,85,222,0.383,124,145,0.855,55,293,348,212,38,22,96,96,909
39,202340,2019-20,00,1610612747,LAL,29.0,49,44,1186.0,170,383,0.444,63,173,0.364,20,24,0.833,18,97,115,63,43,5,47,110,423
40,202681,2022-23,00,0,TOT,31.0,60,60,2241.0,594,1203,0.494,188,496,0.379,247,273,0.905,59,245,304,331,66,45,128,165,1623
41,202684,2019-20,00,1610612739,CLE,29.0,57,51,1722.0,288,562,0.512,9,23,0.391,99,161,0.615,226,351,577,120,33,50,103,124,684
42,202689,2020-21,00,1610612738,BOS,31.0,43,43,1369.0,284,676,0.42,127,353,0.36,134,149,0.899,16,154,170,212,48,12,88,61,829
43,202692,2019-20,00,0,TOT,28.0,66,19,1754.0,321,768,0.418,116,301,0.385,235,265,0.887,48,234,282,189,62,17,91,128,993
44,202692,2020-21,00,1610612752,NYK,29.0,49,5,1255.0,210,500,0.42,102,246,0.415,101,118,0.856,21,206,227,107,31,14,49,102,623
45,202695,2020-21,00,1610612746,LAC,30.0,52,52,1772.0,465,908,0.512,101,254,0.398,261,295,0.885,55,282,337,269,81,21,105,82,1292
46,202704,2020-21,00,1610612746,LAC,31.0,67,43,1544.0,263,585,0.45,122,282,0.433,67,82,0.817,24,168,192,205,41,7,74,127,715
47,202704,2022-23,00,0,TOT,33.0,68,40,1657.0,263,640,0.411,96,288,0.333,71,78,0.91,25,119,144,233,47,6,115,114,693
48,202709,2020-21,00,0,TOT,29.0,63,13,1446.0,200,426,0.469,45,132,0.341,72,88,0.818,35,124,159,213,61,18,79,139,517
49,202734,2019-20,00,1610612740,NOP,31.0,56,6,1020.0,186,437,0.426,63,167,0.377,31,45,0.689,31,100,131,78,32,11,40,80,466
50,202734,2020-21,00,1610612756,PHX,32.0,27,1,389.0,55,121,0.455,11,35,0.314,12,14,0.857,14,31,45,40,15,5,23,32,133
51,202954,2019-20,00,1610612738,BOS,30.0,71,1,1369.0,162,362,0.448,37,102,0.363,126,136,0.926,22,122,144,179,61,14,76,133,487
52,203076,2019-20,00,1610612747,LAL,27.0,62,62,2131.0,551,1096,0.503,72,218,0.33,444,525,0.846,142,435,577,200,91,143,154,156,1618
53,203078,2021-22,00,1610612764,WAS,29.0,40,40,1439.0,348,771,0.451,63,210,0.3,169,203,0.833,38,151,189,265,36,15,135,95,928
54,203083,2021-22,00,0,TOT,28.0,73,36,1437.0,247,433,0.57,0,3,0.0,86,164,0.524,229,451,680,131,78,68,115,192,580
55,203086,2019-20,00,1610612748,MIA,28.0,51,49,1034.0,119,234,0.509,53,128,0.414,18,28,0.643,30,230,260,55,14,15,39,107,309
56,203090,2019-20,00,0,TOT,27.0,62,48,1427.0,142,283,0.502,34,98,0.347,39,66,0.591,55,185,240,68,58,33,53,148,357
57,203090,2020-21,00,0,TOT,28.0,37,23,772.0,69,165,0.418,23,84,0.274,33,43,0.767,13,76,89,44,30,20,22,86,194
58,203095,2020-21,00,0,TOT,28.0,42,36,1259.0,247,541,0.457,117,283,0.413,108,137,0.788,10,118,128,144,47,19,73,96,719
59,203109,2019-20,00,0,TOT,29.0,65,53,1875.0,226,563,0.401,135,394,0.343,97,125,0.776,52,332,384,161,72,24,69,143,684
60,203110,2022-23,00,1610612744,GSW,33.0,73,73,2298.0,250,474,0.527,40,131,0.305,77,108,0.713,66,459,525,500,74,60,204,229,617
61,203114,2022-23,00,1610612749,MIL,31.0,33,19,801.0,177,406,0.436,51,162,0.315,92,102,0.902,28,112,140,163,23,5,71,68,497
62,203115,2020-21,00,1610612743,DEN,30.0,56,52,1736.0,259,608,0.426,98,257,0.381,95,121,0.785,39,187,226,181,50,23,96,95,711
63,203145,2019-20,00,0,TOT,30.0,68,21,1688.0,200,534,0.375,84,244,0.344,113,147,0.769,27,267,294,93,74,40,91,196,597
64,203200,2019-20,00,1610612754,IND,31.0,73,6,1826.0,208,486,0.428,134,331,0.405,53,67,0.791,32,206,238,93,87,46,44,137,603
65,203210,2019-20,00,1610612746,LAC,30.0,63,1,1307.0,151,352,0.429,92,238,0.387,36,48,0.75,77,311,388,49,29,24,54,174,430
66,203210,2020-21,00,1610612743,DEN,31.0,58,5,1120.0,173,374,0.463,79,198,0.399,46,57,0.807,85,192,277,53,26,22,53,144,471
67,203382,2019-20,00,1610612756,PHX,33.0,42,28,934.0,183,381,0.48,59,168,0.351,56,75,0.747,71,166,237,67,10,23,50,141,481
68,203457,2020-21,00,1610612752,NYK,27.0,64,41,1547.0,137,223,0.614,0,3,0.0,50,70,0.714,142,265,407,46,70,141,65,176,324
69,203457,2022-23,00,0,TOT,29.0,17,4,195.0,13,36,0.361,1,2,0.5,8,12,0.667,10,36,46,10,16,10,13,32,35
70,203458,2020-21,00,0,TOT,28.0,64,42,979.0,171,278,0.615,8,25,0.32,73,116,0.629,78,182,260,49,20,64,55,127,423
71,203469,2022-23,00,1610612748,MIA,30.0,15,2,217.0,37,59,0.627,0,2,0.0,24,35,0.686,25,39,64,10,3,4,14,33,98
72,203471,2020-21,00,1610612747,LAL,27.0,61,61,1956.0,332,760,0.437,71,212,0.335,206,243,0.848,30,181,211,351,70,13,163,159,941
73,203471,2022-23,00,1610612747,LAL,29.0,67,50,1986.0,270,650,0.415,74,225,0.329,216,252,0.857,21,144,165,298,50,10,112,145,830
74,203473,2021-22,00,1610612748,MIA,32.0,67,15,1065.0,164,290,0.566,19,47,0.404,75,100,0.75,105,281,386,47,24,42,70,174,422
75,203476,2020-21,00,0,TOT,31.0,38,1,553.0,85,163,0.521,30,70,0.429,58,67,0.866,40,100,140,48,26,16,32,56,258
76,203482,2020-21,00,0,TOT,30.0,70,62,1997.0,337,697,0.484,126,368,0.342,145,175,0.829,87,402,489,203,79,42,126,207,945
77,203484,2019-20,00,1610612747,LAL,27.0,69,26,1762.0,237,507,0.467,92,239,0.385,79,102,0.775,38,104,142,111,57,14,62,128,645
78,203486,2019-20,00,1610612743,DEN,30.0,61,1,1057.0,177,288,0.615,0,5,0.0,83,155,0.535,98,219,317,154,33,38,82,143,437
79,203486,2022-23,00,0,TOT,33.0,79,60,2053.0,329,484,0.68,0,0,0.0,199,313,0.636,229,471,700,245,46,47,117,217,857
80,203488,2020-21,00,1610612760,OKC,29.0,35,0,645.0,119,267,0.446,68,184,0.37,33,36,0.917,19,113,132,28,8,11,21,54,339
81,203501,2020-21,00,1610612742,DAL,29.0,70,31,1985.0,407,911,0.447,207,529,0.391,142,174,0.816,20,209,229,126,31,11,64,111,1163
82,203506,2021-22,00,1610612748,MIA,30.0,8,1,173.0,35,73,0.479,15,36,0.417,14,19,0.737,3,20,23,28,5,1,16,13,99
83,203526,2019-20,00,1610612755,PHI,28.0,54,3,668.0,101,222,0.455,34,88,0.386,39,47,0.83,11,50,61,95,24,6,47,50,275
84,203552,2022-23,00,1610612751,BKN,32.0,61,7,1211.0,208,449,0.463,94,232,0.405,51,55,0.927,13,87,100,99,36,7,51,96,561
85,203897,2021-22,00,1610612741,CHI,27.0,67,67,2328.0,565,1186,0.476,185,475,0.389,320,375,0.853,22,286,308,303,41,23,171,120,1635
86,203901,2019-20,00,1610612752,NYK,26.0,45,36,1246.0,193,440,0.439,14,69,0.203,49,86,0.57,52,160,212,323,70,17,96,89,449
87,203903,2019-20,00,0,TOT,28.0,71,2,1705.0,394,867,0.454,152,413,0.368,138,165,0.836,50,137,187,136,46,16,97,108,1078
88,203903,2022-23,00,1610612762,UTA,31.0,61,61,1988.0,458,1031,0.444,155,459,0.338,200,245,0.816,72,174,246,270,33,13,186,120,1271
89,203914,2021-22,00,1610612753,ORL,27.0,61,30,1730.0,240,553,0.434,116,302,0.384,83,95,0.874,36,86,122,108,59,9,61,112,679
90,203915,2020-21,00,1610612751,BKN,28.0,3,3,64.0,6,16,0.375,2,7,0.286,6,6,1.0,0,13,13,9,2,1,5,4,20
91,203918,2019-20,00,1610612757,POR,27.0,21,21,619.0,87,172,0.506,35,71,0.493,21,27,0.778,10,62,72,32,17,4,19,46,230
92,203920,2020-21,00,0,TOT,28.0,67,22,1529.0,189,380,0.497,13,52,0.25,91,129,0.705,174,213,387,89,48,50,44,113,482
93,203924,2019-20,00,1610612743,DEN,26.0,71,24,1892.0,303,634,0.478,98,252,0.389,147,196,0.75,58,190,248,88,50,57,63,154,851
94,203924,2022-23,00,1610612757,POR,29.0,63,63,2246.0,434,913,0.475,144,359,0.401,278,342,0.813,53,230,283,150,51,53,116,152,1290
95,203925,2019-20,00,1610612751,BKN,28.0,69,69,2123.0,381,784,0.486,172,406,0.424,64,89,0.719,64,234,298,144,41,17,104,159,998
96,203926,2020-21,00,1610612754,IND,29.0,66,29,1619.0,354,665,0.532,111,286,0.388,80,98,0.816,60,161,221,85,20,6,53,117,899
97,203937,2021-22,00,1610612763,MEM,28.0,69,11,1484.0,209,469,0.446,36,109,0.33,67,105,0.638,69,299,368,183,77,45,71,108,521
98,203967,2019-20,00,1610612756,PHX,26.0,66,51,1632.0,256,538,0.476,84,235,0.357,108,128,0.844,100,306,406,123,37,16,88,156,704
99,203992,2019-20,00,1610612758,SAC,27.0,61,28,1766.0,337,766,0.44,164,441,0.372,86,116,0.741,26,181,207,207,64,15,102,133,924
100,203994,2021-22,00,1610612757,POR,27.0,56,56,1578.0,321,600,0.535,15,56,0.268,185,268,0.69,167,452,619,157,62,34,143,189,842
101,204060,2021-22,00,1610612762,UTA,34.0,45,15,1122.0,115,285,0.404,78,225,0.347,17,22,0.773,12,119,131,158,23,5,46,82,325
102,204060,2022-23,00,1610612749,MIL,35.0,46,0,1044.0,108,248,0.435,83,203,0.409,18,21,0.857,13,115,128,150,33,6,55,74,317
103,204456,2020-21,00,1610612754,IND,29.0,69,3,1796.0,274,490,0.559,15,48,0.313,33,48,0.688,55,201,256,456,128,23,135,113,596
104,1626145,2021-22,00,1610612763,MEM,26.0,73,23,1549.0,249,552,0.451,80,205,0.39,54,66,0.818,17,159,176,324,66,2,46,32,632
105,1626149,2019-20,00,1610612746,LAC,26.0,63,2,1749.0,471,812,0.58,0,18,0.0,231,351,0.658,163,282,445,107,39,72,108,146,1173
106,1626153,2021-22,00,1610612737,ATL,30.0,77,8,1453.0,122,269,0.454,44,116,0.379,54,63,0.857,50,170,220,188,93,19,45,56,342
107,1626156,2022-23,00,0,TOT,27.0,71,71,2304.0,445,948,0.469,194,490,0.396,179,216,0.829,35,180,215,437,70,29,186,140,1263
108,1626158,2020-21,00,1610612758,SAC,27.0,61,61,1781.0,366,575,0.637,2,11,0.182,135,170,0.794,144,360,504,101,39,96,75,213,869
109,1626161,2019-20,00,0,TOT,26.0,54,39,1097.0,175,302,0.579,0,1,0.0,40,66,0.606,84,231,315,70,49,61,40,121,390
110,1626162,2020-21,00,1610612744,GSW,25.0,55,50,1688.0,318,724,0.439,90,285,0.316,123,177,0.695,82,247,329,73,57,42,70,121,849
111,1626166,2020-21,00,1610612756,PHX,26.0,60,1,1079.0,191,395,0.484,73,166,0.44,50,56,0.893,16,128,144,217,36,16,60,97,505
112,1626168,2020-21,00,1610612759,SAS,25.0,23,9,358.0,43,90,0.478,14,40,0.35,15,23,0.652,9,77,86,14,6,1,6,13,115
113,1626168,2022-23,00,1610612758,SAC,27.0,74,0,1247.0,187,408,0.458,87,240,0.363,101,124,0.815,68,232,300,66,27,31,64,97,562
114,1626171,2019-20,00,1610612752,NYK,25.0,66,5,1394.0,265,589,0.45,67,187,0.358,71,93,0.763,80,258,338,98,32,18,73,110,668
115,1626171,2020-21,00,1610612749,MIL,26.0,66,7,1372.0,313,598,0.523,74,157,0.471,54,73,0.74,124,342,466,71,52,26,56,115,754
116,1626171,2021-22,00,1610612749,MIL,27.0,72,59,2028.0,417,871,0.479,133,338,0.393,85,113,0.752,180,477,657,86,53,51,90,174,1052
117,1626172,2021-22,00,1610612744,GSW,26.0,82,80,1732.0,208,364,0.571,0,1,0.0,75,125,0.6,208,388,596,165,50,52,67,215,491
118,1626174,2019-20,00,1610612765,DET,24.0,62,12,1325.0,288,508,0.567,54,140,0.386,180,242,0.744,104,286,390,60,34,54,84,98,810
119,1626181,2020-21,00,0,TOT,28.0,69,58,2206.0,438,918,0.477,171,416,0.411,236,271,0.871,42,173,215,129,82,18,119,160,1283
120,1626192,2019-20,00,1610612749,MIL,27.0,67,4,1243.0,137,301,0.455,55,166,0.331,31,40,0.775,60,224,284,107,25,31,52,70,360
121,1626196,2022-23,00,0,TOT,29.0,65,10,1530.0,239,554,0.431,107,293,0.365,69,81,0.852,41,134,175,174,69,20,86,117,654
122,1627736,2019-20,00,0,TOT,23.0,55,14,1209.0,227,534,0.425,107,276,0.388,54,66,0.818,18,130,148,75,40,8,57,77,615
123,1627739,2019-20,00,1610612741,CHI,26.0,51,32,1269.0,152,342,0.444,29,112,0.259,40,54,0.741,23,163,186,173,101,17,68,158,373
124,1627742,2019-20,00,1610612740,NOP,22.0,62,62,2103.0,507,1096,0.463,150,384,0.391,313,368,0.851,51,329,380,259,61,38,189,179,1477
125,1627747,2022-23,00,1610612739,CLE,28.0,74,30,2237.0,320,742,0.431,127,324,0.392,130,180,0.722,53,229,282,287,72,24,116,170,897
126,1627751,2019-20,00,1610612759,SAS,24.0,66,18,1171.0,166,266,0.624,0,0,0.0,40,86,0.465,131,244,375,116,37,95,54,126,372
127,1627751,2022-23,00,0,TOT,27.0,72,71,1906.0,389,618,0.629,0,1,0.0,119,201,0.592,236,417,653,197,66,86,125,195,897
128,1627752,2022-23,00,1610612750,MIN,29.0,54,4,1193.0,177,379,0.467,74,194,0.381,65,77,0.844,15,117,132,84,28,15,69,123,493
129,1627756,2019-20,00,1610612741,CHI,26.0,36,5,488.0,97,237,0.409,46,137,0.336,6,8,0.75,9,65,74,43,26,6,26,51,246
130,1627777,2020-21,00,1610612762,UTA,28.0,72,10,1154.0,177,405,0.437,124,292,0.425,22,23,0.957,28,148,176,59,25,8,51,116,500
131,1627777,2022-23,00,1610612755,PHI,30.0,78,1,1512.0,222,502,0.442,154,384,0.401,39,45,0.867,19,166,185,77,30,14,54,145,637
132,1627780,2021-22,00,1610612744,GSW,29.0,71,16,1248.0,212,344,0.616,43,120,0.358,35,58,0.603,72,175,247,64,96,22,40,131,502
133,1627788,2020-21,00,1610612755,PHI,23.0,55,11,1062.0,170,424,0.401,101,269,0.375,60,82,0.732,17,96,113,82,49,9,46,64,501
134,1627823,2019-20,00,0,TOT,24.0,48,14,834.0,100,247,0.405,44,129,0.341,44,71,0.62,43,154,197,40,19,9,32,64,288
135,1627832,2019-20,00,1610612761,TOR,26.0,54,54,1928.0,319,773,0.413,146,374,0.39,168,198,0.848,18,185,203,357,100,17,121,132,952
136,1627832,2022-23,00,1610612761,TOR,29.0,69,69,2535.0,437,1112,0.393,207,606,0.342,254,283,0.898,30,250,280,495,123,38,140,193,1335
137,1627846,2020-21,00,1610612756,PHX,27.0,24,0,355.0,57,116,0.491,18,43,0.419,28,37,0.757,7,55,62,19,10,9,19,34,160
138,1627863,2021-22,00,0,TOT,29.0,42,7,727.0,80,198,0.404,44,117,0.376,44,58,0.759,18,93,111,44,21,17,33,51,248
139,1627884,2019-20,00,1610612748,MIA,23.0,59,16,1375.0,184,349,0.527,37,132,0.28,95,123,0.772,66,167,233,62,58,38,30,130,500
140,1627884,2021-22,00,1610612741,CHI,25.0,51,8,899.0,105,195,0.538,20,61,0.328,56,70,0.8,60,109,169,30,25,33,30,105,286
141,1627936,2020-21,00,1610612747,LAL,27.0,58,6,1216.0,133,305,0.436,55,137,0.401,49,76,0.645,31,139,170,160,64,15,76,108,370
142,1628021,2020-21,00,1610612745,HOU,28.0,30,9,679.0,106,218,0.486,17,63,0.27,47,68,0.691,40,78,118,31,30,21,17,60,276
143,1628366,2020-21,00,1610612740,NOP,23.0,55,55,1747.0,290,700,0.414,172,455,0.378,50,64,0.781,33,230,263,316,82,31,123,103,802
144,1628370,2021-22,00,1610612747,LAL,24.0,76,37,2138.0,391,826,0.473,173,442,0.391,93,117,0.795,37,219,256,218,61,29,122,138,1048
145,1628374,2020-21,00,1610612741,CHI,24.0,51,26,1317.0,250,521,0.48,119,296,0.402,76,92,0.826,35,233,268,45,26,15,52,75,695
146,1628381,2020-21,00,1610612737,ATL,23.0,63,63,1848.0,429,771,0.556,83,208,0.399,170,204,0.833,118,349,467,78,34,63,84,193,1111
147,1628386,2020-21,00,0,TOT,23.0,63,45,1864.0,298,482,0.618,6,19,0.316,204,290,0.703,196,435,631,106,32,90,100,96,806
148,1628392,2021-22,00,1610612746,LAC,24.0,68,0,1216.0,229,366,0.626,14,30,0.467,91,132,0.689,117,215,332,160,50,77,84,167,563
149,1628398,2022-23,00,1610612764,WAS,27.0,64,64,2239.0,512,1142,0.448,160,481,0.333,173,237,0.73,55,408,463,239,36,29,190,145,1357
150,1628404,2020-21,00,1610612740,NOP,26.0,47,4,1350.0,151,344,0.439,63,193,0.326,69,89,0.775,53,324,377,109,38,12,49,111,434
151,1628415,2022-23,00,1610612763,MEM,27.0,73,73,2214.0,392,991,0.396,143,439,0.326,120,154,0.779,45,199,244,189,65,16,104,240,1047
152,1628418,2022-23,00,0,TOT,25.0,59,26,1082.0,230,369,0.623,26,59,0.441,93,126,0.738,86,253,339,31,16,30,38,102,579
153,1628422,2019-20,00,1610612752,NYK,26.0,48,0,836.0,120,290,0.414,59,163,0.362,22,33,0.667,10,81,91,57,23,4,21,44,321
154,1628425,2020-21,00,1610612745,HOU,26.0,51,14,1229.0,150,335,0.448,91,215,0.423,25,31,0.806,38,186,224,72,38,12,41,97,416
155,1628449,2019-20,00,1610612761,TOR,27.0,62,0,819.0,141,299,0.472,38,118,0.322,91,116,0.784,107,170,277,26,22,61,28,114,411
156,1628449,2021-22,00,1610612761,TOR,29.0,80,9,1690.0,268,577,0.464,68,229,0.297,150,193,0.777,179,315,494,25,49,75,42,174,754
157,1628464,2020-21,00,0,TOT,29.0,65,51,1601.0,252,466,0.541,49,152,0.322,74,110,0.673,93,263,356,108,41,57,66,167,627
158,1628470,2020-21,00,0,TOT,30.0,50,8,803.0,109,227,0.48,39,106,0.368,17,22,0.773,57,140,197,49,28,27,25,83,274
159,1628963,2021-22,00,0,TOT,23.0,48,25,1146.0,225,446,0.504,23,97,0.237,67,101,0.663,105,233,338,36,22,18,39,93,540
160,1628964,2021-22,00,1610612753,ORL,24.0,71,69,1824.0,296,617,0.48,107,281,0.381,57,73,0.781,148,424,572,85,38,118,77,182,756
161,1628966,2022-23,00,1610612759,SAS,27.0,67,42,1453.0,236,465,0.508,56,142,0.394,119,150,0.793,65,183,248,103,46,20,56,63,647
162,1628971,2020-21,00,1610612751,BKN,24.0,65,37,1451.0,235,423,0.556,17,59,0.288,86,117,0.735,111,238,349,104,58,28,54,145,573
163,1628971,2021-22,00,1610612751,BKN,25.0,72,45,1774.0,256,506,0.506,38,94,0.404,97,128,0.758,100,245,345,148,77,52,56,176,647
164,1628971,2022-23,00,1610612743,DEN,26.0,80,31,2279.0,358,741,0.483,91,254,0.358,116,153,0.758,63,265,328,268,87,51,123,190,923
165,1628972,2022-23,00,1610612747,LAL,23.0,76,45,1860.0,200,465,0.43,107,281,0.381,34,39,0.872,62,246,308,95,59,16,49,120,541
166,1628973,2021-22,00,1610612742,DAL,25.0,79,61,2524.0,506,1008,0.502,94,252,0.373,179,213,0.84,43,266,309,377,66,3,124,151,1285
167,1628975,2022-23,00,1610612749,MIL,27.0,81,39,1812.0,239,565,0.423,142,337,0.421,31,38,0.816,35,167,202,197,66,29,78,158,651
168,1628977,2020-21,00,0,TOT,22.0,52,9,1226.0,224,470,0.477,28,82,0.341,128,200,0.64,59,213,272,101,41,24,76,134,604
169,1628978,2021-22,00,0,TOT,25.0,42,1,1005.0,118,336,0.351,74,218,0.339,70,83,0.843,40,130,170,118,48,8,72,69,380
170,1628978,2022-23,00,1610612744,GSW,26.0,72,36,1894.0,235,540,0.435,150,378,0.397,58,71,0.817,80,245,325,252,97,10,112,133,678
171,1628984,2020-21,00,1610612766,CHA,26.0,55,44,1659.0,252,669,0.377,179,477,0.375,133,158,0.842,22,126,148,295,48,6,84,77,816
172,1628995,2021-22,00,0,TOT,22.0,30,0,222.0,31,85,0.365,15,54,0.278,16,22,0.727,14,30,44,10,4,2,7,19,93
173,1628997,2021-22,00,1610612748,MIA,26.0,60,12,1372.0,208,410,0.507,64,155,0.413,71,93,0.763,70,160,230,64,58,30,52,104,551
174,1628998,2021-22,00,1610612766,CHA,26.0,71,11,1866.0,204,423,0.482,61,159,0.384,75,107,0.701,82,203,285,179,88,32,61,116,544
175,1629001,2019-20,00,1610612763,MEM,22.0,60,8,1167.0,161,401,0.401,40,140,0.286,93,121,0.769,43,177,220,175,77,20,84,109,455
176,1629003,2022-23,00,1610612755,PHI,26.0,76,11,1567.0,241,503,0.479,56,148,0.378,99,116,0.853,39,152,191,240,25,13,94,123,637
177,1629011,2021-22,00,1610612752,NYK,24.0,72,62,1848.0,261,343,0.761,0,0,0.0,88,181,0.486,295,322,617,38,58,133,60,195,610
178,1629014,2021-22,00,1610612757,POR,23.0,57,30,1681.0,353,797,0.443,179,442,0.405,103,116,0.888,26,125,151,221,30,6,115,110,988
179,1629018,2020-21,00,0,TOT,22.0,58,38,1802.0,320,785,0.408,165,429,0.385,83,106,0.783,27,125,152,80,56,10,43,92,888
180,1629020,2020-21,00,1610612750,MIN,22.0,64,30,1139.0,143,236,0.606,1,5,0.2,57,102,0.559,118,250,368,76,64,46,53,123,344
181,1629022,2021-22,00,1610612759,SAS,23.0,70,6,1612.0,311,764,0.407,111,353,0.314,116,148,0.784,18,163,181,152,44,19,71,98,849
182,1629028,2021-22,00,1610612756,PHX,23.0,58,58,1713.0,442,697,0.634,7,19,0.368,106,142,0.746,149,444,593,84,40,40,91,142,997
183,1629060,2022-23,00,0,TOT,25.0,63,9,1466.0,284,584,0.486,51,160,0.319,88,119,0.739,53,230,283,58,19,26,53,72,707
184,1629111,2022-23,00,1610612756,PHX,27.0,69,4,979.0,178,337,0.528,21,84,0.25,79,105,0.752,119,161,280,68,16,30,59,126,456
185,1629130,2020-21,00,1610612748,MIA,27.0,72,72,2262.0,315,717,0.439,250,613,0.408,62,75,0.827,7,243,250,127,43,20,81,181,942
186,1629134,2020-21,00,1610612748,MIA,25.0,56,44,1650.0,319,658,0.485,122,320,0.381,56,60,0.933,21,158,179,148,52,14,80,108,816
187,1629216,2020-21,00,1610612748,MIA,25.0,50,7,655.0,88,233,0.378,46,149,0.309,20,23,0.87,10,46,56,67,21,2,34,79,242
188,1629216,2022-23,00,1610612748,MIA,27.0,68,34,1759.0,228,567,0.402,117,350,0.334,68,78,0.872,27,118,145,167,62,5,92,154,641
189,1629234,2019-20,00,1610612759,SAS,23.0,22,3,272.0,43,67,0.642,1,1,1.0,20,26,0.769,28,57,85,15,5,17,21,37,107
190,1629599,2021-22,00,1610612746,LAC,25.0,69,30,1567.0,211,466,0.453,96,254,0.378,101,117,0.863,26,171,197,124,38,15,45,87,619
191,1629622,2020-21,00,1610612748,MIA,25.0,39,0,507.0,85,187,0.455,50,148,0.338,16,24,0.667,5,36,41,24,11,2,8,43,236
192,1629622,2022-23,00,1610612748,MIA,27.0,80,33,2272.0,324,790,0.41,197,563,0.35,78,89,0.876,49,209,258,171,42,12,70,166,923
193,1629632,2022-23,00,1610612741,CHI,23.0,74,2,1730.0,263,594,0.443,128,344,0.372,61,70,0.871,16,196,212,204,54,6,74,122,715
194,1629638,2022-23,00,0,TOT,24.0,59,3,884.0,131,295,0.444,61,159,0.384,40,60,0.667,15,86,101,108,32,21,55,88,363
195,1629652,2021-22,00,1610612760,OKC,23.0,51,51,1665.0,293,726,0.404,130,391,0.332,161,191,0.843,38,174,212,88,46,18,88,149,877
196,1629659,2020-21,00,1610612747,LAL,20.0,65,4,1304.0,224,489,0.458,37,131,0.282,100,129,0.775,25,144,169,181,63,21,105,127,585
197,1629660,2022-23,00,1610612744,GSW,25.0,45,2,816.0,118,242,0.488,35,90,0.389,38,41,0.927,7,71,78,135,23,5,30,64,309
198,1629661,2022-23,00,0,TOT,27.0,42,41,1200.0,223,474,0.47,103,255,0.404,101,120,0.842,34,151,185,78,50,14,37,83,650
199,1629667,2022-23,00,0,TOT,25.0,80,24,1913.0,281,617,0.455,77,232,0.332,116,138,0.841,63,283,346,130,83,34,93,209,755
200,1629667,2022-23,00,0,TOT,25.0,80,24,1913.0,281,617,0.455,77,232,0.332,116,138,0.841,63,283,346,130,83,34,93,209,755
201,1629684,2022-23,00,1610612738,BOS,24.0,79,23,2045.0,216,476,0.454,115,291,0.395,94,122,0.77,87,276,363,131,41,31,82,192,641
202,1629723,2019-20,00,1610612763,MEM,24.0,19,0,181.0,24,37,0.649,5,10,0.5,1,2,0.5,18,29,47,22,7,3,7,7,54
203,1630200,2022-23,00,1610612759,SAS,23.0,68,65,1984.0,341,743,0.459,45,158,0.285,148,172,0.86,56,189,245,448,89,9,110,98,875
204,1630256,2021-22,00,1610612745,HOU,26.0,78,77,2056.0,363,729,0.498,63,202,0.312,130,184,0.707,135,285,420,222,72,41,139,286,919
205,1630529,2022-23,00,1610612740,NOP,24.0,66,66,1951.0,235,501,0.469,56,167,0.335,123,161,0.764,97,172,269,162,103,42,88,208,649
206,1630559,2022-23,00,1610612747,LAL,25.0,64,22,1843.0,259,490,0.529,86,216,0.398,229,265,0.864,33,160,193,215,33,19,99,108,833
207,1630572,2022-23,00,0,TOT,24.0,43,7,660.0,97,230,0.422,30,99,0.303,39,57,0.684,70,115,185,62,14,12,35,52,263
